class_filename,class_filepath,start_time,end_time,mid_time,exposure_s,temp_c,gain_ev_ch,sat_alt,sat_lat,sat_lon,bore_lat,bore_lon,solarang_deg,phaseang_deg,program,version,dataset,scd_fltr,scd_used,v0_lat,v0_lon,v1_lat,v1_lon,v2_lat,v2_lon,v3_lat,v3_lon,xsm_mean_meancounts,xsm_std_meancounts,xsm_min_meancounts,xsm_max_meancounts,xsm_mean_totalcounts,xsm_std_totalcounts,xsm_points_used
ch2_cla_l1_20250801T025501069_20250801T025509069.fits,/home/saurabh/moon_project/data/CLASS/ch2_cla_l1_2025_08/cla/data/calibrated/2025/08/01/ch2_cla_l1_20250801T025501069_20250801T025509069.fits,2025-08-01T02:55:01.069,2025-08-01T02:55:09.069,2025-08-01T02:55:05.069,8.0,-38.7,13.5,105.708,-75.7105,60.8532,-75.7049,60.8545,79.302,79.302,CLASS_add_scds.pro,2.1,477,1,"0,1,2,3,4,5,6,7,8,9,10,11,12,13,14,15,",-75.0335,59.3471,-76.3016,58.8358,-76.365,62.5034,-75.0918,62.7157,1.7239990234375,0.0816824627864982,1.578125,1.837890625,3530.75,167.28568378674848,8
ch2_cla_l1_20250801T025517069_20250801T025525069.fits,/home/saurabh/moon_project/data/CLASS/ch2_cla_l1_2025_08/cla/data/calibrated/2025/08/01/ch2_cla_l1_20250801T025517069_20250801T025525069.fits,2025-08-01T02:55:17.069,2025-08-01T02:55:25.069,2025-08-01T02:55:21.069,8.0,-38.7,13.5,105.463,-76.518,60.608,-76.5123,60.6093,79.9944,79.9944,CLASS_add_scds.pro,2.1,479,1,"0,1,2,3,4,5,6,7,8,9,10,11,12,13,14,15,",-75.8396,59.0342,-77.1058,58.4605,-77.173,62.3434,-75.901,62.582,1.7462158203125,0.0449732137612055,1.68115234375,1.8203125,3576.25,92.10514178294903,8
ch2_cla_l1_20250801T025533069_20250801T025541069.fits,/home/saurabh/moon_project/data/CLASS/ch2_cla_l1_2025_08/cla/data/calibrated/2025/08/01/ch2_cla_l1_20250801T025533069_20250801T025541069.fits,2025-08-01T02:55:33.069,2025-08-01T02:55:41.069,2025-08-01T02:55:37.069,8.0,-38.7,13.5,105.217,-77.3255,60.3324,-77.32,60.334,80.6875,80.6875,CLASS_add_scds.pro,2.1,481,1,"0,1,2,3,4,5,6,7,8,9,10,11,12,13,14,15,",-76.6469,58.6818,-77.9095,58.0367,-77.9809,62.1635,-76.7119,62.4308,1.74432373046875,0.0369142262749992,1.68701171875,1.80322265625,3572.375,75.6003354111985,8
ch2_cla_l1_20250801T025549069_20250801T025557069.fits,/home/saurabh/moon_project/data/CLASS/ch2_cla_l1_2025_08/cla/data/calibrated/2025/08/01/ch2_cla_l1_20250801T025549069_20250801T025557069.fits,2025-08-01T02:55:49.069,2025-08-01T02:55:57.069,2025-08-01T02:55:53.069,8.0,-38.7,13.5,104.969,-78.1328,60.0201,-78.1272,60.0223,81.3813,81.3813,CLASS_add_scds.pro,2.1,483,1,"0,1,2,3,4,5,6,7,8,9,10,11,12,13,14,15,",-77.4531,58.2859,-78.7125,57.5534,-78.7888,61.9589,-77.522,62.2621,1.755126953125,0.0349473346815785,1.69970703125,1.80908203125,3594.5,71.57214142787282,8
ch2_cla_l1_20250801T025557069_20250801T025605069.fits,/home/saurabh/moon_project/data/CLASS/ch2_cla_l1_2025_08/cla/data/calibrated/2025/08/01/ch2_cla_l1_20250801T025557069_20250801T025605069.fits,2025-08-01T02:55:57.069,2025-08-01T02:56:05.069,2025-08-01T02:56:01.069,8.0,-38.7,13.5,104.844,-78.5365,59.8479,-78.5308,59.85,81.7285,81.7285,CLASS_add_scds.pro,2.1,484,1,"0,1,2,3,4,5,6,7,8,9,10,11,12,13,14,15,",-77.856,58.0686,-79.1137,57.2849,-79.1927,61.8451,-77.9271,62.1696,1.722412109375,0.060225375911397,1.6396484375,1.833984375,3527.5,123.34156986654116,8
ch2_cla_l1_20250801T025605069_20250801T025613069.fits,/home/saurabh/moon_project/data/CLASS/ch2_cla_l1_2025_08/cla/data/calibrated/2025/08/01/ch2_cla_l1_20250801T025605069_20250801T025613069.fits,2025-08-01T02:56:05.069,2025-08-01T02:56:13.069,2025-08-01T02:56:09.069,8.0,-38.7,13.5,104.72,-78.94,59.6633,-78.9331,59.6674,82.0758,82.0758,CLASS_add_scds.pro,2.1,485,1,"0,1,2,3,4,5,6,7,8,9,10,11,12,13,14,15,",-78.2587,57.8365,-79.5145,56.9972,-79.5964,61.7238,-78.3321,62.071,1.74224853515625,0.0600704664309136,1.63916015625,1.8251953125,3568.125,123.02431525051112,8
ch2_cla_l1_20250801T025613069_20250801T025621069.fits,/home/saurabh/moon_project/data/CLASS/ch2_cla_l1_2025_08/cla/data/calibrated/2025/08/01/ch2_cla_l1_20250801T025613069_20250801T025621069.fits,2025-08-01T02:56:13.069,2025-08-01T02:56:21.069,2025-08-01T02:56:17.069,8.0,-38.7,13.5,104.595,-79.3435,59.4649,-79.338,59.4674,82.4233,82.4233,CLASS_add_scds.pro,2.1,486,1,"0,1,2,3,4,5,6,7,8,9,10,11,12,13,14,15,",-78.661,57.5889,-79.9161,56.6848,-80.0012,61.5916,-78.7369,61.9662,1.7205810546875,0.0455586106039864,1.63916015625,1.7861328125,3523.75,93.30403451696424,8
ch2_cla_l1_20250801T025621069_20250801T025629069.fits,/home/saurabh/moon_project/data/CLASS/ch2_cla_l1_2025_08/cla/data/calibrated/2025/08/01/ch2_cla_l1_20250801T025621069_20250801T025629069.fits,2025-08-01T02:56:21.069,2025-08-01T02:56:29.069,2025-08-01T02:56:25.069,8.0,-38.7,13.5,104.469,-79.747,59.2512,-79.7415,59.2539,82.7709,82.7709,CLASS_add_scds.pro,2.1,487,1,"0,1,2,3,4,5,6,7,8,9,10,11,12,13,14,15,",-79.0643,57.3214,-80.3166,56.3481,-80.4051,61.4494,-79.1428,61.8524,1.76214599609375,0.0593792892283526,1.671875,1.85595703125,3608.875,121.60878433966614,8
ch2_cla_l1_20250801T025629069_20250801T025637069.fits,/home/saurabh/moon_project/data/CLASS/ch2_cla_l1_2025_08/cla/data/calibrated/2025/08/01/ch2_cla_l1_20250801T025629069_20250801T025637069.fits,2025-08-01T02:56:29.069,2025-08-01T02:56:37.069,2025-08-01T02:56:33.069,8.0,-38.7,13.5,104.344,-80.1503,59.0202,-80.1448,59.0233,83.1186,83.1186,CLASS_add_scds.pro,2.1,488,1,"0,1,2,3,4,5,6,7,8,9,10,11,12,13,14,15,",-79.4665,57.0351,-80.7168,55.9825,-80.8091,61.2949,-79.5479,61.7312,1.72857666015625,0.1006355110575016,1.58740234375,1.88671875,3540.125,206.1015266457633,8
ch2_cla_l1_20250801T025637069_20250801T025645069.fits,/home/saurabh/moon_project/data/CLASS/ch2_cla_l1_2025_08/cla/data/calibrated/2025/08/01/ch2_cla_l1_20250801T025637069_20250801T025645069.fits,2025-08-01T02:56:37.069,2025-08-01T02:56:45.069,2025-08-01T02:56:41.069,8.0,-38.8,13.5,104.218,-80.5535,58.7698,-80.548,58.773,83.4665,83.4665,CLASS_add_scds.pro,2.1,489,1,"0,1,2,3,4,5,6,7,8,9,10,11,12,13,14,15,",-79.8684,56.7261,-81.1168,55.5839,-81.2131,61.1265,-79.953,61.6004,1.75103759765625,0.0792325397096963,1.64794921875,1.86181640625,3586.125,162.2682413254582,8
ch2_cla_l1_20250801T025645069_20250801T025653069.fits,/home/saurabh/moon_project/data/CLASS/ch2_cla_l1_2025_08/cla/data/calibrated/2025/08/01/ch2_cla_l1_20250801T025645069_20250801T025653069.fits,2025-08-01T02:56:45.069,2025-08-01T02:56:53.069,2025-08-01T02:56:49.069,8.0,-38.8,13.5,104.092,-80.9566,58.4974,-80.951,58.5012,83.8146,83.8146,CLASS_add_scds.pro,2.1,490,1,"0,1,2,3,4,5,6,7,8,9,10,11,12,13,14,15,",-80.2702,56.3915,-81.5163,55.1481,-81.617,60.9422,-80.3581,61.4587,1.7623291015625,0.0853807322802449,1.64599609375,1.8955078125,3609.25,174.85973970994172,8
ch2_cla_l1_20250801T025821069_20250801T025829069.fits,/home/saurabh/moon_project/data/CLASS/ch2_cla_l1_2025_08/cla/data/calibrated/2025/08/01/ch2_cla_l1_20250801T025821069_20250801T025829069.fits,2025-08-01T02:58:21.069,2025-08-01T02:58:29.069,2025-08-01T02:58:25.069,8.0,-38.8,13.5,102.558,-85.7631,51.234,-85.7578,51.2505,87.9997,87.9997,CLASS_add_scds.pro,2.1,502,1,"0,1,2,3,4,5,6,7,8,9,10,11,12,13,14,15,",-85.0444,48.1878,-86.2256,42.7819,-86.4534,55.5209,-85.2161,57.9364,1.7132568359375,0.0632888870071339,1.6328125,1.8046875,3508.75,129.61564059061038,8
ch2_cla_l1_20250801T025837069_20250801T025845069.fits,/home/saurabh/moon_project/data/CLASS/ch2_cla_l1_2025_08/cla/data/calibrated/2025/08/01/ch2_cla_l1_20250801T025837069_20250801T025845069.fits,2025-08-01T02:58:37.069,2025-08-01T02:58:45.069,2025-08-01T02:58:41.069,8.0,-38.9,13.5,102.299,-86.5478,48.0777,-86.5425,48.104,88.6984,88.6984,CLASS_add_scds.pro,2.1,504,1,"0,1,2,3,4,5,6,7,8,9,10,11,12,13,14,15,",-85.8179,45.0227,-86.9633,37.0677,-87.2508,52.785,-86.0221,56.5256,1.7144775390625,0.0768869670277203,1.6240234375,1.833984375,3511.25,157.46450847277117,8
ch2_cla_l1_20250801T045106797_20250801T045114797.fits,/home/saurabh/moon_project/data/CLASS/ch2_cla_l1_2025_08/cla/data/calibrated/2025/08/01/ch2_cla_l1_20250801T045106797_20250801T045114797.fits,2025-08-01T04:51:06.797,2025-08-01T04:51:14.797,2025-08-01T04:51:10.797,8.0,-36.9,13.5,107.716,-70.924,60.7842,-70.9184,60.785,75.2336,75.2336,CLASS_add_scds.pro,2.1,465,1,"0,1,2,3,4,5,6,7,8,9,10,11,12,13,14,15,",-70.2463,59.5779,-71.5325,59.2795,-71.5815,62.074,-70.2923,62.201,1.82763671875,0.0685042112008675,1.72216796875,1.94384765625,3743.0,140.29662453937678,8
ch2_cla_l1_20250801T045114797_20250801T045122797.fits,/home/saurabh/moon_project/data/CLASS/ch2_cla_l1_2025_08/cla/data/calibrated/2025/08/01/ch2_cla_l1_20250801T045114797_20250801T045122797.fits,2025-08-01T04:51:14.797,2025-08-01T04:51:22.797,2025-08-01T04:51:18.797,8.0,-36.9,13.5,107.597,-71.3273,60.7153,-71.3218,60.716,75.5767,75.5767,CLASS_add_scds.pro,2.1,466,1,"0,1,2,3,4,5,6,7,8,9,10,11,12,13,14,15,",-70.6496,59.4883,-71.9345,59.1777,-71.9846,62.0289,-70.6965,62.161,1.80560302734375,0.0324817806569131,1.7607421875,1.85595703125,3697.875,66.5226867853581,8
ch2_cla_l1_20250801T045122797_20250801T045130797.fits,/home/saurabh/moon_project/data/CLASS/ch2_cla_l1_2025_08/cla/data/calibrated/2025/08/01/ch2_cla_l1_20250801T045122797_20250801T045130797.fits,2025-08-01T04:51:22.797,2025-08-01T04:51:30.797,2025-08-01T04:51:26.797,8.0,-36.9,13.5,107.477,-71.7307,60.6436,-71.725,60.6443,75.92,75.92,CLASS_add_scds.pro,2.1,467,1,"0,1,2,3,4,5,6,7,8,9,10,11,12,13,14,15,",-71.0527,59.3954,-72.3366,59.0719,-72.3877,61.9826,-71.1005,62.1197,1.81781005859375,0.0593660950257104,1.73779296875,1.90966796875,3722.875,121.58176261265504,8
ch2_cla_l1_20250801T045130797_20250801T045138797.fits,/home/saurabh/moon_project/data/CLASS/ch2_cla_l1_2025_08/cla/data/calibrated/2025/08/01/ch2_cla_l1_20250801T045130797_20250801T045138797.fits,2025-08-01T04:51:30.797,2025-08-01T04:51:38.797,2025-08-01T04:51:34.797,8.0,-36.9,13.5,107.357,-72.134,60.5688,-72.1283,60.5698,76.2636,76.2636,CLASS_add_scds.pro,2.1,468,1,"0,1,2,3,4,5,6,7,8,9,10,11,12,13,14,15,",-71.4559,59.2989,-72.7391,58.9607,-72.7912,61.9338,-71.5047,62.0772,1.8209228515625,0.0353588744010621,1.76220703125,1.8740234375,3729.25,72.41497477337523,8
ch2_cla_l1_20250801T045138797_20250801T045146797.fits,/home/saurabh/moon_project/data/CLASS/ch2_cla_l1_2025_08/cla/data/calibrated/2025/08/01/ch2_cla_l1_20250801T045138797_20250801T045146797.fits,2025-08-01T04:51:38.797,2025-08-01T04:51:46.797,2025-08-01T04:51:42.797,8.0,-36.9,13.5,107.237,-72.5374,60.4907,-72.5317,60.4918,76.6074,76.6074,CLASS_add_scds.pro,2.1,469,1,"0,1,2,3,4,5,6,7,8,9,10,11,12,13,14,15,",-71.8595,59.1974,-73.1412,58.8445,-73.1945,61.883,-71.9092,62.0321,1.83563232421875,0.0863605095769265,1.69873046875,1.935546875,3759.375,176.86632361354555,8
ch2_cla_l1_20250801T045146797_20250801T045154797.fits,/home/saurabh/moon_project/data/CLASS/ch2_cla_l1_2025_08/cla/data/calibrated/2025/08/01/ch2_cla_l1_20250801T045146797_20250801T045154797.fits,2025-08-01T04:51:46.797,2025-08-01T04:51:54.797,2025-08-01T04:51:50.797,8.0,-36.9,13.5,107.115,-72.9408,60.4091,-72.9352,60.4101,76.9514,76.9514,CLASS_add_scds.pro,2.1,470,1,"0,1,2,3,4,5,6,7,8,9,10,11,12,13,14,15,",-72.2627,59.0919,-73.5432,58.7229,-73.5978,61.8299,-72.3135,61.9856,1.8118896484375,0.0459901768283456,1.72802734375,1.87109375,3710.75,94.1878821444518,8
ch2_cla_l1_20250801T045154797_20250801T045202797.fits,/home/saurabh/moon_project/data/CLASS/ch2_cla_l1_2025_08/cla/data/calibrated/2025/08/01/ch2_cla_l1_20250801T045154797_20250801T045202797.fits,2025-08-01T04:51:54.797,2025-08-01T04:52:02.797,2025-08-01T04:51:58.797,8.0,-36.9,13.5,106.994,-73.3442,60.3237,-73.3385,60.3249,77.2956,77.2956,CLASS_add_scds.pro,2.1,471,1,"0,1,2,3,4,5,6,7,8,9,10,11,12,13,14,15,",-72.6659,58.9818,-73.9453,58.5954,-74.0011,61.7743,-72.7178,61.9373,1.853271484375,0.0766559353222641,1.72216796875,1.95556640625,3795.5,156.9913555399969,8
ch2_cla_l1_20250801T045202797_20250801T045210797.fits,/home/saurabh/moon_project/data/CLASS/ch2_cla_l1_2025_08/cla/data/calibrated/2025/08/01/ch2_cla_l1_20250801T045202797_20250801T045210797.fits,2025-08-01T04:52:02.797,2025-08-01T04:52:10.797,2025-08-01T04:52:06.797,8.0,-36.9,13.5,106.872,-73.7476,60.2342,-73.7422,60.2354,77.6401,77.6401,CLASS_add_scds.pro,2.1,472,1,"0,1,2,3,4,5,6,7,8,9,10,11,12,13,14,15,",-73.0691,58.8664,-74.3476,58.4613,-74.4047,61.7161,-73.1222,61.8867,1.79901123046875,0.0718112342833912,1.6796875,1.892578125,3684.375,147.06940781238535,8
ch2_cla_l1_20250801T045210797_20250801T045218797.fits,/home/saurabh/moon_project/data/CLASS/ch2_cla_l1_2025_08/cla/data/calibrated/2025/08/01/ch2_cla_l1_20250801T045210797_20250801T045218797.fits,2025-08-01T04:52:10.797,2025-08-01T04:52:18.797,2025-08-01T04:52:14.797,8.0,-36.9,13.5,106.75,-74.1511,60.1403,-74.1455,60.1414,77.9848,77.9848,CLASS_add_scds.pro,2.1,473,1,"0,1,2,3,4,5,6,7,8,9,10,11,12,13,14,15,",-73.4726,58.7453,-74.7494,58.32,-74.808,61.6545,-73.5268,61.8336,1.73773193359375,0.0703524218864053,1.6416015625,1.84716796875,3558.875,144.08176002335816,8
ch2_cla_l1_20250801T045226797_20250801T045234797.fits,/home/saurabh/moon_project/data/CLASS/ch2_cla_l1_2025_08/cla/data/calibrated/2025/08/01/ch2_cla_l1_20250801T045226797_20250801T045234797.fits,2025-08-01T04:52:26.797,2025-08-01T04:52:34.797,2025-08-01T04:52:30.797,8.0,-36.9,13.5,106.504,-74.958,59.938,-74.9524,59.9394,78.6748,78.6748,CLASS_add_scds.pro,2.1,475,1,"0,1,2,3,4,5,6,7,8,9,10,11,12,13,14,15,",-74.2789,58.4851,-75.5535,58.015,-75.6151,61.5226,-74.3357,61.72,1.75372314453125,0.0727091548288755,1.6533203125,1.86083984375,3591.625,148.90834908953704,8
ch2_cla_l1_20250801T045234797_20250801T045242797.fits,/home/saurabh/moon_project/data/CLASS/ch2_cla_l1_2025_08/cla/data/calibrated/2025/08/01/ch2_cla_l1_20250801T045234797_20250801T045242797.fits,2025-08-01T04:52:34.797,2025-08-01T04:52:42.797,2025-08-01T04:52:38.797,8.0,-36.9,13.5,106.38,-75.3615,59.8288,-75.356,59.8301,79.0201,79.0201,CLASS_add_scds.pro,2.1,476,1,"0,1,2,3,4,5,6,7,8,9,10,11,12,13,14,15,",-74.6821,58.3451,-75.9555,57.8495,-76.0187,61.4511,-74.7403,61.6591,1.718505859375,0.0744126161335346,1.6064453125,1.8154296875,3519.5,152.39703784147886,8
ch2_cla_l1_20250801T045242797_20250801T045250797.fits,/home/saurabh/moon_project/data/CLASS/ch2_cla_l1_2025_08/cla/data/calibrated/2025/08/01/ch2_cla_l1_20250801T045242797_20250801T045250797.fits,2025-08-01T04:52:42.797,2025-08-01T04:52:50.797,2025-08-01T04:52:46.797,8.0,-36.9,13.5,106.256,-75.765,59.7135,-75.7594,59.7151,79.3656,79.3656,CLASS_add_scds.pro,2.1,477,1,"0,1,2,3,4,5,6,7,8,9,10,11,12,13,14,15,",-75.0853,58.1975,-76.3572,57.6747,-76.4223,61.3758,-75.145,61.5949,1.75811767578125,0.0546849697851178,1.6796875,1.84228515625,3600.625,111.99481811992143,8
ch2_cla_l1_20250801T045258797_20250801T045306797.fits,/home/saurabh/moon_project/data/CLASS/ch2_cla_l1_2025_08/cla/data/calibrated/2025/08/01/ch2_cla_l1_20250801T045258797_20250801T045306797.fits,2025-08-01T04:52:58.797,2025-08-01T04:53:06.797,2025-08-01T04:53:02.797,8.0,-36.9,13.5,106.007,-76.5719,59.4629,-76.5664,59.464,80.0571,80.0571,CLASS_add_scds.pro,2.1,479,1,"0,1,2,3,4,5,6,7,8,9,10,11,12,13,14,15,",-75.8914,57.878,-77.1607,57.2921,-77.2296,61.2111,-75.9543,61.4567,1.7724609375,0.0585105668842504,1.68408203125,1.8623046875,3630.0,119.829640978945,8
ch2_cla_l1_20250801T045314797_20250801T045322797.fits,/home/saurabh/moon_project/data/CLASS/ch2_cla_l1_2025_08/cla/data/calibrated/2025/08/01/ch2_cla_l1_20250801T045314797_20250801T045322797.fits,2025-08-01T04:53:14.797,2025-08-01T04:53:22.797,2025-08-01T04:53:18.797,8.0,-36.9,13.5,105.756,-77.3788,59.181,-77.3733,59.1828,80.7494,80.7494,CLASS_add_scds.pro,2.1,481,1,"0,1,2,3,4,5,6,7,8,9,10,11,12,13,14,15,",-76.6973,57.5203,-77.9637,56.8597,-78.037,61.0259,-76.7638,61.3024,1.7623291015625,0.0375262486462926,1.70068359375,1.80908203125,3609.25,76.85375722760729,8
ch2_cla_l1_20250801T045322797_20250801T045330797.fits,/home/saurabh/moon_project/data/CLASS/ch2_cla_l1_2025_08/cla/data/calibrated/2025/08/01/ch2_cla_l1_20250801T045322797_20250801T045330797.fits,2025-08-01T04:53:22.797,2025-08-01T04:53:30.797,2025-08-01T04:53:26.797,8.0,-36.9,13.5,105.63,-77.7822,59.0264,-77.7767,59.0283,81.0958,81.0958,CLASS_add_scds.pro,2.1,482,1,"0,1,2,3,4,5,6,7,8,9,10,11,12,13,14,15,",-77.1003,57.3244,-78.3651,56.6212,-78.4407,60.9238,-77.1687,61.2178,1.74285888671875,0.0503433546554956,1.68359375,1.8359375,3569.375,103.103190334455,8
ch2_cla_l1_20250801T045330797_20250801T045338797.fits,/home/saurabh/moon_project/data/CLASS/ch2_cla_l1_2025_08/cla/data/calibrated/2025/08/01/ch2_cla_l1_20250801T045330797_20250801T045338797.fits,2025-08-01T04:53:30.797,2025-08-01T04:53:38.797,2025-08-01T04:53:34.797,8.0,-36.9,13.5,105.504,-78.1856,58.8615,-78.1801,58.8636,81.4424,81.4424,CLASS_add_scds.pro,2.1,483,1,"0,1,2,3,4,5,6,7,8,9,10,11,12,13,14,15,",-77.503,57.1164,-78.7663,56.3658,-78.8446,60.8145,-77.5735,61.1284,1.7659912109375,0.0349880007202036,1.70703125,1.8134765625,3616.75,71.65542547497712,8
ch2_cla_l1_20250801T045338797_20250801T045346797.fits,/home/saurabh/moon_project/data/CLASS/ch2_cla_l1_2025_08/cla/data/calibrated/2025/08/01/ch2_cla_l1_20250801T045338797_20250801T045346797.fits,2025-08-01T04:53:38.797,2025-08-01T04:53:46.797,2025-08-01T04:53:42.797,8.0,-36.9,13.5,105.378,-78.5889,58.6852,-78.5833,58.6876,81.7891,81.7891,CLASS_add_scds.pro,2.1,484,1,"0,1,2,3,4,5,6,7,8,9,10,11,12,13,14,15,",-77.9057,56.8946,-79.1671,56.0919,-79.2482,60.6973,-77.9785,61.0329,1.73175048828125,0.0725534664279506,1.6298828125,1.845703125,3546.625,148.58949924444286,8
ch2_cla_l1_20250801T045346797_20250801T045354797.fits,/home/saurabh/moon_project/data/CLASS/ch2_cla_l1_2025_08/cla/data/calibrated/2025/08/01/ch2_cla_l1_20250801T045346797_20250801T045354797.fits,2025-08-01T04:53:46.797,2025-08-01T04:53:54.797,2025-08-01T04:53:50.797,8.0,-36.9,13.5,105.251,-78.9922,58.4962,-78.9867,58.4983,82.136,82.136,CLASS_add_scds.pro,2.1,485,1,"0,1,2,3,4,5,6,7,8,9,10,11,12,13,14,15,",-78.308,56.6583,-79.568,55.7969,-79.652,60.5713,-78.3832,60.9317,1.76849365234375,0.0468789507699621,1.6875,1.837890625,3621.875,96.00809117688244,8
ch2_cla_l1_20250801T045354797_20250801T045402797.fits,/home/saurabh/moon_project/data/CLASS/ch2_cla_l1_2025_08/cla/data/calibrated/2025/08/01/ch2_cla_l1_20250801T045354797_20250801T045402797.fits,2025-08-01T04:53:54.797,2025-08-01T04:54:02.797,2025-08-01T04:53:58.797,8.0,-36.9,13.5,105.123,-79.3954,58.293,-79.3899,58.2957,82.483,82.483,CLASS_add_scds.pro,2.1,486,1,"0,1,2,3,4,5,6,7,8,9,10,11,12,13,14,15,",-78.7105,56.4046,-79.9685,55.479,-80.0558,60.4357,-78.7882,60.8227,1.765869140625,0.0639880022996669,1.67919921875,1.875,3616.5,131.04742870971782,8
ch2_cla_l1_20250801T045402797_20250801T045410797.fits,/home/saurabh/moon_project/data/CLASS/ch2_cla_l1_2025_08/cla/data/calibrated/2025/08/01/ch2_cla_l1_20250801T045402797_20250801T045410797.fits,2025-08-01T04:54:02.797,2025-08-01T04:54:10.797,2025-08-01T04:54:06.797,8.0,-36.9,13.5,104.996,-79.7985,58.074,-79.793,58.0771,82.8302,82.8302,CLASS_add_scds.pro,2.1,487,1,"0,1,2,3,4,5,6,7,8,9,10,11,12,13,14,15,",-79.1126,56.1331,-80.3688,55.1344,-80.4596,60.2885,-79.1931,60.7066,1.778564453125,0.0604077688094872,1.6923828125,1.8681640625,3642.5,123.71511052182984,8
ch2_cla_l1_20250801T045410797_20250801T045418797.fits,/home/saurabh/moon_project/data/CLASS/ch2_cla_l1_2025_08/cla/data/calibrated/2025/08/01/ch2_cla_l1_20250801T045410797_20250801T045418797.fits,2025-08-01T04:54:10.797,2025-08-01T04:54:18.797,2025-08-01T04:54:14.797,8.0,-36.9,13.5,104.868,-80.2015,57.8373,-80.1961,57.8405,83.1776,83.1776,CLASS_add_scds.pro,2.1,488,1,"0,1,2,3,4,5,6,7,8,9,10,11,12,13,14,15,",-79.5147,55.8403,-80.7686,54.7606,-80.8633,60.129,-79.5981,60.5811,1.77239990234375,0.0865135947505748,1.6298828125,1.9013671875,3629.875,177.17984204917732,8
ch2_cla_l1_20250801T045418797_20250801T045426797.fits,/home/saurabh/moon_project/data/CLASS/ch2_cla_l1_2025_08/cla/data/calibrated/2025/08/01/ch2_cla_l1_20250801T045418797_20250801T045426797.fits,2025-08-01T04:54:18.797,2025-08-01T04:54:26.797,2025-08-01T04:54:22.797,8.0,-36.9,13.5,104.74,-80.6044,57.5806,-80.599,57.5839,83.525,83.525,CLASS_add_scds.pro,2.1,489,1,"0,1,2,3,4,5,6,7,8,9,10,11,12,13,14,15,",-79.9163,55.525,-81.1683,54.3526,-81.2671,59.9547,-80.003,60.4464,1.78704833984375,0.0743578704030426,1.6728515625,1.8818359375,3659.875,152.28491858543126,8
ch2_cla_l1_20250801T045426797_20250801T045434797.fits,/home/saurabh/moon_project/data/CLASS/ch2_cla_l1_2025_08/cla/data/calibrated/2025/08/01/ch2_cla_l1_20250801T045426797_20250801T045434797.fits,2025-08-01T04:54:26.797,2025-08-01T04:54:34.797,2025-08-01T04:54:30.797,8.0,-36.9,13.5,104.611,-81.0072,57.3011,-81.0017,57.305,83.8726,83.8726,CLASS_add_scds.pro,2.1,490,1,"0,1,2,3,4,5,6,7,8,9,10,11,12,13,14,15,",-80.3179,55.183,-81.5674,53.9066,-81.6708,59.7641,-80.408,60.2998,1.807373046875,0.1034007295952233,1.6552734375,1.9462890625,3701.5,211.76469421101743,8
ch2_cla_l1_20250801T045434797_20250801T045442797.fits,/home/saurabh/moon_project/data/CLASS/ch2_cla_l1_2025_08/cla/data/calibrated/2025/08/01/ch2_cla_l1_20250801T045434797_20250801T045442797.fits,2025-08-01T04:54:34.797,2025-08-01T04:54:42.797,2025-08-01T04:54:38.797,8.0,-36.9,13.5,104.482,-81.4098,56.9957,-81.4044,56.9997,84.2204,84.2204,CLASS_add_scds.pro,2.1,491,1,"0,1,2,3,4,5,6,7,8,9,10,11,12,13,14,15,",-80.719,54.8122,-81.9659,53.4173,-82.0743,59.555,-80.8129,60.1413,1.77374267578125,0.0580552927465973,1.68017578125,1.859375,3632.625,118.89723954503135,8
ch2_cla_l1_20250801T045442797_20250801T045450797.fits,/home/saurabh/moon_project/data/CLASS/ch2_cla_l1_2025_08/cla/data/calibrated/2025/08/01/ch2_cla_l1_20250801T045442797_20250801T045450797.fits,2025-08-01T04:54:42.797,2025-08-01T04:54:50.797,2025-08-01T04:54:46.797,8.0,-36.9,13.5,104.353,-81.8122,56.6606,-81.8067,56.6654,84.5682,84.5682,CLASS_add_scds.pro,2.1,492,1,"0,1,2,3,4,5,6,7,8,9,10,11,12,13,14,15,",-81.1196,54.4089,-82.364,52.8762,-82.478,59.3232,-81.2177,59.9691,1.8118896484375,0.0519087818342265,1.73681640625,1.908203125,3710.75,106.30918519649587,8
ch2_cla_l1_20250801T045450797_20250801T045458797.fits,/home/saurabh/moon_project/data/CLASS/ch2_cla_l1_2025_08/cla/data/calibrated/2025/08/01/ch2_cla_l1_20250801T045450797_20250801T045458797.fits,2025-08-01T04:54:50.797,2025-08-01T04:54:58.797,2025-08-01T04:54:54.797,8.0,-36.9,13.5,104.224,-82.2143,56.2912,-82.2088,56.296,84.9162,84.9162,CLASS_add_scds.pro,2.1,493,1,"0,1,2,3,4,5,6,7,8,9,10,11,12,13,14,15,",-81.5201,53.9666,-82.7614,52.2751,-82.8815,59.0647,-81.6227,59.7796,1.79437255859375,0.0611260135688073,1.70703125,1.8974609375,3674.875,125.1860757889174,8
ch2_cla_l1_20250801T045458797_20250801T045506797.fits,/home/saurabh/moon_project/data/CLASS/ch2_cla_l1_2025_08/cla/data/calibrated/2025/08/01/ch2_cla_l1_20250801T045458797_20250801T045506797.fits,2025-08-01T04:54:58.797,2025-08-01T04:55:06.797,2025-08-01T04:55:02.797,8.0,-36.9,13.5,104.094,-82.6161,55.8819,-82.6107,55.8872,85.2643,85.2643,CLASS_add_scds.pro,2.1,494,1,"0,1,2,3,4,5,6,7,8,9,10,11,12,13,14,15,",-81.92,53.4796,-83.158,51.6053,-83.285,58.7765,-82.0275,59.5702,1.81976318359375,0.0662447142741649,1.712890625,1.91845703125,3726.875,135.6691748334897,8
ch2_cla_l1_20250801T045506797_20250801T045514797.fits,/home/saurabh/moon_project/data/CLASS/ch2_cla_l1_2025_08/cla/data/calibrated/2025/08/01/ch2_cla_l1_20250801T045506797_20250801T045514797.fits,2025-08-01T04:55:06.797,2025-08-01T04:55:14.797,2025-08-01T04:55:10.797,8.0,-36.9,13.5,103.964,-83.0176,55.4258,-83.0122,55.4322,85.6125,85.6125,CLASS_add_scds.pro,2.1,495,1,"0,1,2,3,4,5,6,7,8,9,10,11,12,13,14,15,",-82.3194,52.9436,-83.5535,50.8542,-83.6883,58.4524,-82.4324,59.3402,1.78607177734375,0.0321667268466833,1.73193359375,1.8291015625,3657.875,65.87745658200751,8
ch2_cla_l1_20250801T045514797_20250801T045522797.fits,/home/saurabh/moon_project/data/CLASS/ch2_cla_l1_2025_08/cla/data/calibrated/2025/08/01/ch2_cla_l1_20250801T045514797_20250801T045522797.fits,2025-08-01T04:55:14.797,2025-08-01T04:55:22.797,2025-08-01T04:55:18.797,8.0,-36.9,13.5,103.834,-83.4187,54.9145,-83.4133,54.9213,85.9608,85.9608,CLASS_add_scds.pro,2.1,496,1,"0,1,2,3,4,5,6,7,8,9,10,11,12,13,14,15,",-82.7179,52.3497,-83.948,50.004,-84.0915,58.0835,-82.8371,59.085,1.84173583984375,0.052659036417899,1.744140625,1.91552734375,3771.875,107.84570658385724,8
ch2_cla_l1_20250801T045522797_20250801T045530797.fits,/home/saurabh/moon_project/data/CLASS/ch2_cla_l1_2025_08/cla/data/calibrated/2025/08/01/ch2_cla_l1_20250801T045522797_20250801T045530797.fits,2025-08-01T04:55:22.797,2025-08-01T04:55:30.797,2025-08-01T04:55:26.797,8.0,-36.9,13.5,103.703,-83.8192,54.3373,-83.8138,54.3451,86.3092,86.3092,CLASS_add_scds.pro,2.1,497,1,"0,1,2,3,4,5,6,7,8,9,10,11,12,13,14,15,",-83.1159,51.6859,-84.341,49.0367,-84.4945,57.6618,-83.2418,58.7985,1.80816650390625,0.0395076455930908,1.7451171875,1.86962890625,3703.125,80.91165817465014,8
ch2_cla_l1_20250801T045530797_20250801T045538797.fits,/home/saurabh/moon_project/data/CLASS/ch2_cla_l1_2025_08/cla/data/calibrated/2025/08/01/ch2_cla_l1_20250801T045530797_20250801T045538797.fits,2025-08-01T04:55:30.797,2025-08-01T04:55:38.797,2025-08-01T04:55:34.797,8.0,-37.0,13.5,103.572,-84.219,53.6805,-84.2137,53.6898,86.6578,86.6578,CLASS_add_scds.pro,2.1,498,1,"0,1,2,3,4,5,6,7,8,9,10,11,12,13,14,15,",-83.5127,50.942,-84.732,47.9263,-84.8971,57.1745,-83.6464,58.4768,1.84588623046875,0.0492655749766434,1.765625,1.923828125,3780.375,100.89589755216583,8
ch2_cla_l1_20250801T045538797_20250801T045546797.fits,/home/saurabh/moon_project/data/CLASS/ch2_cla_l1_2025_08/cla/data/calibrated/2025/08/01/ch2_cla_l1_20250801T045538797_20250801T045546797.fits,2025-08-01T04:55:38.797,2025-08-01T04:55:46.797,2025-08-01T04:55:42.797,8.0,-37.0,13.5,103.441,-84.6181,52.9266,-84.6129,52.9369,87.0064,87.0064,CLASS_add_scds.pro,2.1,499,1,"0,1,2,3,4,5,6,7,8,9,10,11,12,13,14,15,",-83.9084,50.102,-85.1212,46.6368,-85.2995,56.6034,-84.0506,58.1122,1.79510498046875,0.0453271532090267,1.720703125,1.87060546875,3676.375,92.83000977208673,8
ch2_cla_l1_20250801T045546797_20250801T045554797.fits,/home/saurabh/moon_project/data/CLASS/ch2_cla_l1_2025_08/cla/data/calibrated/2025/08/01/ch2_cla_l1_20250801T045546797_20250801T045554797.fits,2025-08-01T04:55:46.797,2025-08-01T04:55:54.797,2025-08-01T04:55:50.797,8.0,-37.0,13.5,103.31,-85.0162,52.0526,-85.011,52.0647,87.3551,87.3551,CLASS_add_scds.pro,2.1,500,1,"0,1,2,3,4,5,6,7,8,9,10,11,12,13,14,15,",-84.3029,49.1436,-85.5072,45.1264,-85.7012,55.9263,-84.455,57.6931,1.86822509765625,0.0489607834516925,1.7958984375,1.94775390625,3826.125,100.27168450906623,8
ch2_cla_l1_20250801T045554797_20250801T045602797.fits,/home/saurabh/moon_project/data/CLASS/ch2_cla_l1_2025_08/cla/data/calibrated/2025/08/01/ch2_cla_l1_20250801T045554797_20250801T045602797.fits,2025-08-01T04:55:54.797,2025-08-01T04:56:02.797,2025-08-01T04:55:58.797,8.0,-37.0,13.5,103.178,-85.4129,51.0276,-85.4077,51.0423,87.7038,87.7038,CLASS_add_scds.pro,2.1,501,1,"0,1,2,3,4,5,6,7,8,9,10,11,12,13,14,15,",-84.6953,48.0453,-85.8894,43.3355,-86.1022,55.1116,-84.8588,57.2103,1.819091796875,0.0834771232757001,1.71044921875,1.9794921875,3725.5,170.96114846863392,8
ch2_cla_l1_20250801T045602797_20250801T045610797.fits,/home/saurabh/moon_project/data/CLASS/ch2_cla_l1_2025_08/cla/data/calibrated/2025/08/01/ch2_cla_l1_20250801T045602797_20250801T045610797.fits,2025-08-01T04:56:02.797,2025-08-01T04:56:10.797,2025-08-01T04:56:06.797,8.0,-37.0,13.5,103.046,-85.808,49.8095,-85.8027,49.8268,88.0527,88.0527,CLASS_add_scds.pro,2.1,502,1,"0,1,2,3,4,5,6,7,8,9,10,11,12,13,14,15,",-85.0854,46.774,-86.2672,41.176,-86.5026,54.1084,-85.2621,56.6471,1.85748291015625,0.0751302575714662,1.748046875,1.94873046875,3804.125,153.86676750636292,8
ch2_cla_l1_20250801T045610797_20250801T045618797.fits,/home/saurabh/moon_project/data/CLASS/ch2_cla_l1_2025_08/cla/data/calibrated/2025/08/01/ch2_cla_l1_20250801T045610797_20250801T045618797.fits,2025-08-01T04:56:10.797,2025-08-01T04:56:18.797,2025-08-01T04:56:14.797,8.0,-37.0,13.5,102.914,-86.2009,48.3391,-86.1957,48.36,88.4016,88.4016,CLASS_add_scds.pro,2.1,503,1,"0,1,2,3,4,5,6,7,8,9,10,11,12,13,14,15,",-85.4731,45.2803,-86.6385,38.5384,-86.9015,52.8502,-85.6653,55.9763,1.8232421875,0.1003051733406501,1.7001953125,2.001953125,3734.0,205.4249950016516,8
ch2_cla_l1_20250801T045618797_20250801T045626797.fits,/home/saurabh/moon_project/data/CLASS/ch2_cla_l1_2025_08/cla/data/calibrated/2025/08/01/ch2_cla_l1_20250801T045618797_20250801T045626797.fits,2025-08-01T04:56:18.797,2025-08-01T04:56:26.797,2025-08-01T04:56:22.797,8.0,-37.1,13.5,102.782,-86.5907,46.5317,-86.5856,46.5579,88.7506,88.7506,CLASS_add_scds.pro,2.1,504,1,"0,1,2,3,4,5,6,7,8,9,10,11,12,13,14,15,",-85.8571,43.511,-87.0008,35.2562,-87.2984,51.2213,-86.0676,55.171,1.8466796875,0.082325931564223,1.7548828125,1.97216796875,3782.0,168.60350784352875,8
ch2_cla_l1_20250801T045626797_20250801T045634797.fits,/home/saurabh/moon_project/data/CLASS/ch2_cla_l1_2025_08/cla/data/calibrated/2025/08/01/ch2_cla_l1_20250801T045626797_20250801T045634797.fits,2025-08-01T04:56:26.797,2025-08-01T04:56:34.797,2025-08-01T04:56:30.797,8.0,-37.1,13.5,102.649,-86.9764,44.261,-86.9713,44.2956,89.0997,89.0997,CLASS_add_scds.pro,2.1,505,1,"0,1,2,3,4,5,6,7,8,9,10,11,12,13,14,15,",-86.2363,41.3849,-87.3509,31.0863,-87.6927,49.0325,-86.469,54.1843,1.7161865234375,0.080114588925511,1.62451171875,1.88037109375,3514.75,164.07467811944656,8
ch2_cla_l1_20250801T045634797_20250801T045642797.fits,/home/saurabh/moon_project/data/CLASS/ch2_cla_l1_2025_08/cla/data/calibrated/2025/08/01/ch2_cla_l1_20250801T045634797_20250801T045642797.fits,2025-08-01T04:56:34.797,2025-08-01T04:56:42.797,2025-08-01T04:56:38.797,8.0,-37.1,13.5,102.516,-87.356,41.3332,-87.351,41.3779,89.4489,89.4489,CLASS_add_scds.pro,2.1,506,1,"0,1,2,3,4,5,6,7,8,9,10,11,12,13,14,15,",-86.6093,38.7835,-87.6827,25.6883,-88.0823,45.951,-86.8693,52.9428,1.7406005859375,0.0602851519923243,1.6513671875,1.8310546875,3564.75,123.46399128028035,8
ch2_cla_l1_20250801T045642797_20250801T045650797.fits,/home/saurabh/moon_project/data/CLASS/ch2_cla_l1_2025_08/cla/data/calibrated/2025/08/01/ch2_cla_l1_20250801T045642797_20250801T045650797.fits,2025-08-01T04:56:42.797,2025-08-01T04:56:50.797,2025-08-01T04:56:46.797,8.0,-37.1,13.5,102.383,-87.7265,37.4387,-87.7218,37.4966,89.7981,89.7981,CLASS_add_scds.pro,2.1,507,1,"0,1,2,3,4,5,6,7,8,9,10,11,12,13,14,15,",-86.9737,35.5493,-87.9874,18.5756,-88.4635,41.3226,-87.2678,51.3404,1.7374267578125,0.0553491235013573,1.63525390625,1.8017578125,3558.25,113.35500493077993,8
ch2_cla_l1_20250801T064848395_20250801T064856395.fits,/home/saurabh/moon_project/data/CLASS/ch2_cla_l1_2025_08/cla/data/calibrated/2025/08/01/ch2_cla_l1_20250801T064848395_20250801T064856395.fits,2025-08-01T06:48:48.395,2025-08-01T06:48:56.395,2025-08-01T06:48:52.395,8.0,-36.2,13.5,108.193,-70.9781,59.6707,-70.9726,59.6715,75.2985,75.2985,CLASS_add_scds.pro,2.1,465,1,"0,1,2,3,4,5,6,7,8,9,10,11,12,13,14,15,",-70.2982,58.4574,-71.5878,58.1536,-71.6379,60.9685,-70.3452,61.0988,1.74365234375,0.0595222654596514,1.63623046875,1.82666015625,3571.0,121.90159966136622,8
ch2_cla_l1_20250801T064856395_20250801T064904395.fits,/home/saurabh/moon_project/data/CLASS/ch2_cla_l1_2025_08/cla/data/calibrated/2025/08/01/ch2_cla_l1_20250801T064856395_20250801T064904395.fits,2025-08-01T06:48:56.395,2025-08-01T06:49:04.395,2025-08-01T06:49:00.395,8.0,-36.2,13.5,108.073,-71.3812,59.6006,-71.3757,59.6014,75.6412,75.6412,CLASS_add_scds.pro,2.1,466,1,"0,1,2,3,4,5,6,7,8,9,10,11,12,13,14,15,",-70.7011,58.3671,-71.9898,58.0498,-72.0409,60.9221,-70.749,61.0584,1.72027587890625,0.0450115848191711,1.65576171875,1.78125,3523.125,92.18372570966248,8
ch2_cla_l1_20250801T064904395_20250801T064912395.fits,/home/saurabh/moon_project/data/CLASS/ch2_cla_l1_2025_08/cla/data/calibrated/2025/08/01/ch2_cla_l1_20250801T064904395_20250801T064912395.fits,2025-08-01T06:49:04.395,2025-08-01T06:49:12.395,2025-08-01T06:49:08.395,8.0,-36.2,13.5,107.952,-71.7843,59.5275,-71.7787,59.5281,75.9841,75.9841,CLASS_add_scds.pro,2.1,467,1,"0,1,2,3,4,5,6,7,8,9,10,11,12,13,14,15,",-71.1041,58.2723,-72.3917,57.942,-72.4439,60.8744,-71.153,61.0157,1.7633056640625,0.0589020384467925,1.65576171875,1.8310546875,3611.25,120.6313747390312,8
ch2_cla_l1_20250801T064912395_20250801T064920395.fits,/home/saurabh/moon_project/data/CLASS/ch2_cla_l1_2025_08/cla/data/calibrated/2025/08/01/ch2_cla_l1_20250801T064912395_20250801T064920395.fits,2025-08-01T06:49:12.395,2025-08-01T06:49:20.395,2025-08-01T06:49:16.395,8.0,-36.2,13.5,107.83,-72.1874,59.4513,-72.182,59.452,76.3272,76.3272,CLASS_add_scds.pro,2.1,468,1,"0,1,2,3,4,5,6,7,8,9,10,11,12,13,14,15,",-71.5072,58.174,-72.7937,57.8292,-72.847,60.8246,-71.557,60.9719,1.74163818359375,0.0484636491078508,1.6787109375,1.81103515625,3566.875,99.2535533728786,8
ch2_cla_l1_20250801T064920395_20250801T064928395.fits,/home/saurabh/moon_project/data/CLASS/ch2_cla_l1_2025_08/cla/data/calibrated/2025/08/01/ch2_cla_l1_20250801T064920395_20250801T064928395.fits,2025-08-01T06:49:20.395,2025-08-01T06:49:28.395,2025-08-01T06:49:24.395,8.0,-36.2,13.5,107.708,-72.5906,59.3716,-72.585,59.3727,76.6706,76.6706,CLASS_add_scds.pro,2.1,469,1,"0,1,2,3,4,5,6,7,8,9,10,11,12,13,14,15,",-71.9103,58.0712,-73.1956,57.711,-73.2501,60.7723,-71.9611,60.9261,1.7642822265625,0.0481833474739819,1.6884765625,1.84716796875,3613.25,98.67949562671495,8
ch2_cla_l1_20250801T064928395_20250801T064936395.fits,/home/saurabh/moon_project/data/CLASS/ch2_cla_l1_2025_08/cla/data/calibrated/2025/08/01/ch2_cla_l1_20250801T064928395_20250801T064936395.fits,2025-08-01T06:49:28.395,2025-08-01T06:49:36.395,2025-08-01T06:49:32.395,8.0,-36.2,13.5,107.585,-72.9937,59.2884,-72.9882,59.2895,77.0143,77.0143,CLASS_add_scds.pro,2.1,470,1,"0,1,2,3,4,5,6,7,8,9,10,11,12,13,14,15,",-72.3134,57.9638,-73.5975,57.5873,-73.6532,60.7178,-72.3653,60.8782,1.7283935546875,0.0589245856782596,1.64111328125,1.83154296875,3539.75,120.67755146907577,8
ch2_cla_l1_20250801T064936395_20250801T064944395.fits,/home/saurabh/moon_project/data/CLASS/ch2_cla_l1_2025_08/cla/data/calibrated/2025/08/01/ch2_cla_l1_20250801T064936395_20250801T064944395.fits,2025-08-01T06:49:36.395,2025-08-01T06:49:44.395,2025-08-01T06:49:40.395,8.0,-36.2,13.5,107.462,-73.3969,59.2013,-73.3914,59.2026,77.3581,77.3581,CLASS_add_scds.pro,2.1,471,1,"0,1,2,3,4,5,6,7,8,9,10,11,12,13,14,15,",-72.7164,57.8518,-73.9992,57.4576,-74.0563,60.6609,-72.7694,60.8286,1.79974365234375,0.0617441728599255,1.71337890625,1.9052734375,3685.875,126.4520660171276,8
ch2_cla_l1_20250801T064944395_20250801T064952395.fits,/home/saurabh/moon_project/data/CLASS/ch2_cla_l1_2025_08/cla/data/calibrated/2025/08/01/ch2_cla_l1_20250801T064944395_20250801T064952395.fits,2025-08-01T06:49:44.395,2025-08-01T06:49:52.395,2025-08-01T06:49:48.395,8.0,-36.2,13.5,107.339,-73.8001,59.1101,-73.7948,59.1113,77.7022,77.7022,CLASS_add_scds.pro,2.1,472,1,"0,1,2,3,4,5,6,7,8,9,10,11,12,13,14,15,",-73.1194,57.7347,-74.4012,57.3212,-74.4596,60.6011,-73.1735,60.7769,1.72979736328125,0.0698766064068035,1.62744140625,1.83203125,3542.625,143.10728992113374,8
ch2_cla_l1_20250801T064952395_20250801T065000395.fits,/home/saurabh/moon_project/data/CLASS/ch2_cla_l1_2025_08/cla/data/calibrated/2025/08/01/ch2_cla_l1_20250801T064952395_20250801T065000395.fits,2025-08-01T06:49:52.395,2025-08-01T06:50:00.395,2025-08-01T06:49:56.395,8.0,-36.2,13.5,107.215,-74.2034,59.0143,-74.1978,59.0153,78.0465,78.0465,CLASS_add_scds.pro,2.1,473,1,"0,1,2,3,4,5,6,7,8,9,10,11,12,13,14,15,",-73.5225,57.6116,-74.803,57.1772,-74.8628,60.5377,-73.5779,60.7225,1.7864990234375,0.0901543596886019,1.66162109375,1.921875,3658.75,184.6361286422568,8
ch2_cla_l1_20250801T065000395_20250801T065008395.fits,/home/saurabh/moon_project/data/CLASS/ch2_cla_l1_2025_08/cla/data/calibrated/2025/08/01/ch2_cla_l1_20250801T065000395_20250801T065008395.fits,2025-08-01T06:50:00.395,2025-08-01T06:50:08.395,2025-08-01T06:50:04.395,8.0,-36.2,13.5,107.09,-74.6066,58.9137,-74.601,58.915,78.391,78.391,CLASS_add_scds.pro,2.1,474,1,"0,1,2,3,4,5,6,7,8,9,10,11,12,13,14,15,",-73.9255,57.4821,-75.2047,57.0262,-75.2661,60.4717,-73.9821,60.665,1.750244140625,0.0736433396759018,1.6494140625,1.8720703125,3584.5,150.82155965624696,8
ch2_cla_l1_20250801T065008395_20250801T065016395.fits,/home/saurabh/moon_project/data/CLASS/ch2_cla_l1_2025_08/cla/data/calibrated/2025/08/01/ch2_cla_l1_20250801T065008395_20250801T065016395.fits,2025-08-01T06:50:08.395,2025-08-01T06:50:16.395,2025-08-01T06:50:12.395,8.0,-36.2,13.5,106.965,-75.0098,58.8079,-75.0044,58.809,78.7357,78.7357,CLASS_add_scds.pro,2.1,475,1,"0,1,2,3,4,5,6,7,8,9,10,11,12,13,14,15,",-74.3285,57.3468,-75.6064,56.8667,-75.6694,60.4021,-74.3865,60.6056,1.7879638671875,0.073942314987107,1.6787109375,1.89404296875,3661.75,151.4338610935952,8
ch2_cla_l1_20250801T065016395_20250801T065024395.fits,/home/saurabh/moon_project/data/CLASS/ch2_cla_l1_2025_08/cla/data/calibrated/2025/08/01/ch2_cla_l1_20250801T065016395_20250801T065024395.fits,2025-08-01T06:50:16.395,2025-08-01T06:50:24.395,2025-08-01T06:50:20.395,8.0,-36.2,13.5,106.84,-75.4131,58.6964,-75.4076,58.6979,79.0807,79.0807,CLASS_add_scds.pro,2.1,476,1,"0,1,2,3,4,5,6,7,8,9,10,11,12,13,14,15,",-74.7314,57.2043,-76.0081,56.6985,-76.0727,60.3289,-74.7909,60.543,1.7493896484375,0.0485060176458938,1.669921875,1.81884765625,3582.75,99.34032413879068,8
ch2_cla_l1_20250801T065024395_20250801T065032395.fits,/home/saurabh/moon_project/data/CLASS/ch2_cla_l1_2025_08/cla/data/calibrated/2025/08/01/ch2_cla_l1_20250801T065024395_20250801T065032395.fits,2025-08-01T06:50:24.395,2025-08-01T06:50:32.395,2025-08-01T06:50:28.395,8.0,-36.2,13.5,106.714,-75.8163,58.5788,-75.8109,58.5802,79.4258,79.4258,CLASS_add_scds.pro,2.1,477,1,"0,1,2,3,4,5,6,7,8,9,10,11,12,13,14,15,",-75.1343,57.0545,-76.4096,56.5203,-76.4761,60.2514,-75.1953,60.4774,1.7940673828125,0.05521419456332,1.70751953125,1.876953125,3674.25,113.0786704656794,8
ch2_cla_l1_20250801T065032395_20250801T065040395.fits,/home/saurabh/moon_project/data/CLASS/ch2_cla_l1_2025_08/cla/data/calibrated/2025/08/01/ch2_cla_l1_20250801T065032395_20250801T065040395.fits,2025-08-01T06:50:32.395,2025-08-01T06:50:40.395,2025-08-01T06:50:36.395,8.0,-36.2,13.5,106.588,-76.2195,58.4545,-76.2141,58.4561,79.7711,79.7711,CLASS_add_scds.pro,2.1,478,1,"0,1,2,3,4,5,6,7,8,9,10,11,12,13,14,15,",-75.5372,56.8963,-76.811,56.3314,-76.8795,60.1693,-75.5997,60.4083,1.77191162109375,0.0466612072998315,1.69091796875,1.833984375,3628.875,95.56215255005507,8
ch2_cla_l1_20250801T065040395_20250801T065048395.fits,/home/saurabh/moon_project/data/CLASS/ch2_cla_l1_2025_08/cla/data/calibrated/2025/08/01/ch2_cla_l1_20250801T065040395_20250801T065048395.fits,2025-08-01T06:50:40.395,2025-08-01T06:50:48.395,2025-08-01T06:50:44.395,8.0,-36.2,13.5,106.462,-76.6228,58.3229,-76.6172,58.3242,80.1166,80.1166,CLASS_add_scds.pro,2.1,479,1,"0,1,2,3,4,5,6,7,8,9,10,11,12,13,14,15,",-75.9399,56.7292,-77.2124,56.1306,-77.2829,60.082,-76.0042,60.3353,1.79638671875,0.0429861850788266,1.72265625,1.85107421875,3679.0,88.03570704143696,8
ch2_cla_l1_20250801T065048395_20250801T065056395.fits,/home/saurabh/moon_project/data/CLASS/ch2_cla_l1_2025_08/cla/data/calibrated/2025/08/01/ch2_cla_l1_20250801T065048395_20250801T065056395.fits,2025-08-01T06:50:48.395,2025-08-01T06:50:56.395,2025-08-01T06:50:52.395,8.0,-36.2,13.5,106.335,-77.026,58.1833,-77.0205,58.1849,80.4622,80.4622,CLASS_add_scds.pro,2.1,480,1,"0,1,2,3,4,5,6,7,8,9,10,11,12,13,14,15,",-76.3427,56.552,-77.6137,55.9174,-77.6863,59.9898,-76.4087,60.2578,1.771240234375,0.050933274972331,1.69384765625,1.853515625,3627.5,104.31134714333405,8
ch2_cla_l1_20250801T065056395_20250801T065104395.fits,/home/saurabh/moon_project/data/CLASS/ch2_cla_l1_2025_08/cla/data/calibrated/2025/08/01/ch2_cla_l1_20250801T065056395_20250801T065104395.fits,2025-08-01T06:50:56.395,2025-08-01T06:51:04.395,2025-08-01T06:51:00.395,8.0,-36.2,13.5,106.207,-77.4292,58.035,-77.4238,58.0366,80.8081,80.8081,CLASS_add_scds.pro,2.1,481,1,"0,1,2,3,4,5,6,7,8,9,10,11,12,13,14,15,",-76.7453,56.3648,-78.0149,55.6901,-78.0898,59.8915,-76.8133,60.1765,1.80181884765625,0.0448895924830551,1.72802734375,1.85546875,3690.125,91.93388540529703,8
ch2_cla_l1_20250801T065104395_20250801T065112395.fits,/home/saurabh/moon_project/data/CLASS/ch2_cla_l1_2025_08/cla/data/calibrated/2025/08/01/ch2_cla_l1_20250801T065104395_20250801T065112395.fits,2025-08-01T06:51:04.395,2025-08-01T06:51:12.395,2025-08-01T06:51:08.395,8.0,-36.2,13.5,106.079,-77.8323,57.877,-77.8269,57.8793,81.1541,81.1541,CLASS_add_scds.pro,2.1,482,1,"0,1,2,3,4,5,6,7,8,9,10,11,12,13,14,15,",-77.1479,56.1659,-78.4158,55.4472,-78.4933,59.7865,-77.2179,60.09,1.80950927734375,0.060444089776261,1.72412109375,1.89013671875,3705.875,123.78949586178258,8
ch2_cla_l1_20250801T065112395_20250801T065120395.fits,/home/saurabh/moon_project/data/CLASS/ch2_cla_l1_2025_08/cla/data/calibrated/2025/08/01/ch2_cla_l1_20250801T065112395_20250801T065120395.fits,2025-08-01T06:51:12.395,2025-08-01T06:51:20.395,2025-08-01T06:51:16.395,8.0,-36.2,13.5,105.951,-78.2355,57.7085,-78.2301,57.7105,81.5003,81.5003,CLASS_add_scds.pro,2.1,483,1,"0,1,2,3,4,5,6,7,8,9,10,11,12,13,14,15,",-77.5503,55.9544,-78.8168,55.1866,-78.8969,59.6738,-77.6225,59.9982,1.7847900390625,0.0574245974949082,1.69873046875,1.8828125,3655.25,117.60557566957202,8
ch2_cla_l1_20250801T065120395_20250801T065128395.fits,/home/saurabh/moon_project/data/CLASS/ch2_cla_l1_2025_08/cla/data/calibrated/2025/08/01/ch2_cla_l1_20250801T065120395_20250801T065128395.fits,2025-08-01T06:51:20.395,2025-08-01T06:51:28.395,2025-08-01T06:51:24.395,8.0,-36.2,13.5,105.823,-78.6385,57.5282,-78.6331,57.5302,81.8466,81.8466,CLASS_add_scds.pro,2.1,484,1,"0,1,2,3,4,5,6,7,8,9,10,11,12,13,14,15,",-77.9528,55.7283,-79.2174,54.9069,-79.3004,59.5529,-78.0272,59.9,1.8134765625,0.0693703149811642,1.68603515625,1.90625,3714.0,142.07040508142433,8
ch2_cla_l1_20250801T065128395_20250801T065136395.fits,/home/saurabh/moon_project/data/CLASS/ch2_cla_l1_2025_08/cla/data/calibrated/2025/08/01/ch2_cla_l1_20250801T065128395_20250801T065136395.fits,2025-08-01T06:51:28.395,2025-08-01T06:51:36.395,2025-08-01T06:51:32.395,8.0,-36.3,13.5,105.694,-79.0415,57.3349,-79.036,57.3376,82.1931,82.1931,CLASS_add_scds.pro,2.1,485,1,"0,1,2,3,4,5,6,7,8,9,10,11,12,13,14,15,",-78.355,55.4871,-79.6179,54.6065,-79.7039,59.4234,-78.4319,59.7953,1.80377197265625,0.0540582303314973,1.72802734375,1.892578125,3694.125,110.71125571890666,8
ch2_cla_l1_20250801T065208395_20250801T065216395.fits,/home/saurabh/moon_project/data/CLASS/ch2_cla_l1_2025_08/cla/data/calibrated/2025/08/01/ch2_cla_l1_20250801T065208395_20250801T065216395.fits,2025-08-01T06:52:08.395,2025-08-01T06:52:16.395,2025-08-01T06:52:12.395,8.0,-36.3,13.5,105.045,-81.0552,56.1117,-81.0498,56.1158,83.9278,83.9278,CLASS_add_scds.pro,2.1,490,1,"0,1,2,3,4,5,6,7,8,9,10,11,12,13,14,15,",-80.3632,53.9835,-81.6157,52.6754,-81.7216,58.5901,-80.4555,59.1452,1.71392822265625,0.0644702640881588,1.6328125,1.8046875,3510.125,132.03510085254928,8
ch2_cla_l1_20250801T065224395_20250801T065232395.fits,/home/saurabh/moon_project/data/CLASS/ch2_cla_l1_2025_08/cla/data/calibrated/2025/08/01/ch2_cla_l1_20250801T065224395_20250801T065232395.fits,2025-08-01T06:52:24.395,2025-08-01T06:52:32.395,2025-08-01T06:52:28.395,8.0,-36.3,13.5,104.782,-81.8595,55.4552,-81.8543,55.4594,84.6227,84.6227,CLASS_add_scds.pro,2.1,492,1,"0,1,2,3,4,5,6,7,8,9,10,11,12,13,14,15,",-81.1644,53.1923,-82.4114,51.6209,-82.5282,58.1338,-81.2648,58.803,1.747802734375,0.0576455552139412,1.65380859375,1.83056640625,3579.5,118.05809707815168,8
ch2_cla_l1_20250801T065240395_20250801T065248395.fits,/home/saurabh/moon_project/data/CLASS/ch2_cla_l1_2025_08/cla/data/calibrated/2025/08/01/ch2_cla_l1_20250801T065240395_20250801T065248395.fits,2025-08-01T06:52:40.395,2025-08-01T06:52:48.395,2025-08-01T06:52:44.395,8.0,-36.3,13.5,104.519,-82.6628,54.6562,-82.6575,54.6614,85.318,85.318,CLASS_add_scds.pro,2.1,494,1,"0,1,2,3,4,5,6,7,8,9,10,11,12,13,14,15,",-81.9639,52.2435,-83.2044,50.32,-83.3347,57.5682,-82.0741,58.3916,1.7369384765625,0.0457897813307146,1.6640625,1.7958984375,3557.25,93.77747216530358,8
ch2_cla_l1_20250801T065256395_20250801T065304395.fits,/home/saurabh/moon_project/data/CLASS/ch2_cla_l1_2025_08/cla/data/calibrated/2025/08/01/ch2_cla_l1_20250801T065256395_20250801T065304395.fits,2025-08-01T06:52:56.395,2025-08-01T06:53:04.395,2025-08-01T06:53:00.395,8.0,-36.4,13.5,104.255,-83.4646,53.6623,-83.4594,53.669,86.0137,86.0137,CLASS_add_scds.pro,2.1,496,1,"0,1,2,3,4,5,6,7,8,9,10,11,12,13,14,15,",-82.7611,51.088,-83.9931,48.6792,-84.1404,56.8502,-82.8832,57.8898,1.7576904296875,0.0449034848687762,1.69580078125,1.8251953125,3599.75,91.96233701125384,8
ch2_cla_l1_20250801T065312395_20250801T065320395.fits,/home/saurabh/moon_project/data/CLASS/ch2_cla_l1_2025_08/cla/data/calibrated/2025/08/01/ch2_cla_l1_20250801T065312395_20250801T065320395.fits,2025-08-01T06:53:12.395,2025-08-01T06:53:20.395,2025-08-01T06:53:16.395,8.0,-36.4,13.5,103.989,-84.2642,52.3927,-84.259,52.4017,86.7099,86.7099,CLASS_add_scds.pro,2.1,498,1,"0,1,2,3,4,5,6,7,8,9,10,11,12,13,14,15,",-83.5549,49.6484,-84.776,46.5437,-84.9455,55.9042,-83.6919,57.2613,1.7457275390625,0.0629570462162411,1.65625,1.85400390625,3575.25,128.9360306508619,8
ch2_cla_l1_20250801T065320395_20250801T065328395.fits,/home/saurabh/moon_project/data/CLASS/ch2_cla_l1_2025_08/cla/data/calibrated/2025/08/01/ch2_cla_l1_20250801T065320395_20250801T065328395.fits,2025-08-01T06:53:20.395,2025-08-01T06:53:28.395,2025-08-01T06:53:24.395,8.0,-36.4,13.5,103.855,-84.6627,51.616,-84.6576,51.6265,87.0581,87.0581,CLASS_add_scds.pro,2.1,499,1,"0,1,2,3,4,5,6,7,8,9,10,11,12,13,14,15,",-83.9501,48.7865,-85.1641,45.2194,-85.3474,55.3105,-84.096,56.8823,1.7247314453125,0.0478072336468352,1.65478515625,1.787109375,3532.25,97.90921450871866,8
ch2_cla_l1_20250801T065328395_20250801T065336395.fits,/home/saurabh/moon_project/data/CLASS/ch2_cla_l1_2025_08/cla/data/calibrated/2025/08/01/ch2_cla_l1_20250801T065328395_20250801T065336395.fits,2025-08-01T06:53:28.395,2025-08-01T06:53:36.395,2025-08-01T06:53:32.395,8.0,-36.4,13.5,103.722,-85.0603,50.7146,-85.0552,50.7261,87.4064,87.4064,CLASS_add_scds.pro,2.1,500,1,"0,1,2,3,4,5,6,7,8,9,10,11,12,13,14,15,",-84.3438,47.8058,-85.5491,43.6636,-85.7488,54.6034,-84.4998,56.4492,1.7645263671875,0.0577664047937985,1.68212890625,1.86767578125,3613.75,118.3055970176994,8
ch2_cla_l1_20250801T065336395_20250801T065344395.fits,/home/saurabh/moon_project/data/CLASS/ch2_cla_l1_2025_08/cla/data/calibrated/2025/08/01/ch2_cla_l1_20250801T065336395_20250801T065344395.fits,2025-08-01T06:53:36.395,2025-08-01T06:53:44.395,2025-08-01T06:53:40.395,8.0,-36.4,13.5,103.588,-85.4564,49.6562,-85.4513,49.67,87.7548,87.7548,CLASS_add_scds.pro,2.1,501,1,"0,1,2,3,4,5,6,7,8,9,10,11,12,13,14,15,",-84.7355,46.6782,-85.9303,41.817,-86.1493,53.7513,-84.9034,55.9469,1.73095703125,0.0758303857986065,1.60107421875,1.8271484375,3545.0,155.30063011554626,8
ch2_cla_l1_20250801T065344395_20250801T065352395.fits,/home/saurabh/moon_project/data/CLASS/ch2_cla_l1_2025_08/cla/data/calibrated/2025/08/01/ch2_cla_l1_20250801T065344395_20250801T065352395.fits,2025-08-01T06:53:44.395,2025-08-01T06:53:52.395,2025-08-01T06:53:48.395,8.0,-36.4,13.5,103.454,-85.8508,48.3966,-85.8456,48.4149,88.1033,88.1033,CLASS_add_scds.pro,2.1,502,1,"0,1,2,3,4,5,6,7,8,9,10,11,12,13,14,15,",-85.125,45.3716,-86.3064,39.5914,-86.549,52.7021,-85.3064,55.3603,1.7568359375,0.0874796629646452,1.6259765625,1.8828125,3598.0,179.15834975159345,8
ch2_cla_l1_20250801T065352395_20250801T065400395.fits,/home/saurabh/moon_project/data/CLASS/ch2_cla_l1_2025_08/cla/data/calibrated/2025/08/01/ch2_cla_l1_20250801T065352395_20250801T065400395.fits,2025-08-01T06:53:52.395,2025-08-01T06:54:00.395,2025-08-01T06:53:56.395,8.0,-36.4,13.5,103.319,-86.2428,46.8738,-86.2378,46.8943,88.4519,88.4519,CLASS_add_scds.pro,2.1,503,1,"0,1,2,3,4,5,6,7,8,9,10,11,12,13,14,15,",-85.5115,43.839,-86.676,36.866,-86.9473,51.3799,-85.709,54.6639,1.7664794921875,0.0955545144624628,1.625,1.9189453125,3617.75,195.69564561912387,8
ch2_cla_l1_20250801T065400395_20250801T065408395.fits,/home/saurabh/moon_project/data/CLASS/ch2_cla_l1_2025_08/cla/data/calibrated/2025/08/01/ch2_cla_l1_20250801T065400395_20250801T065408395.fits,2025-08-01T06:54:00.395,2025-08-01T06:54:08.395,2025-08-01T06:54:04.395,8.0,-36.4,13.5,103.185,-86.6316,44.9985,-86.6265,45.0264,88.8005,88.8005,CLASS_add_scds.pro,2.1,504,1,"0,1,2,3,4,5,6,7,8,9,10,11,12,13,14,15,",-85.8944,42.0184,-87.0361,33.4676,-87.3435,49.6607,-86.111,53.8235,1.7454833984375,0.0582320904730888,1.64453125,1.82958984375,3574.75,119.2593212888859,8
ch2_cla_l1_20250801T065408395_20250801T065416395.fits,/home/saurabh/moon_project/data/CLASS/ch2_cla_l1_2025_08/cla/data/calibrated/2025/08/01/ch2_cla_l1_20250801T065408395_20250801T065416395.fits,2025-08-01T06:54:08.395,2025-08-01T06:54:16.395,2025-08-01T06:54:12.395,8.0,-36.4,13.5,103.05,-87.0159,42.6376,-87.011,42.6714,89.1492,89.1492,CLASS_add_scds.pro,2.1,505,1,"0,1,2,3,4,5,6,7,8,9,10,11,12,13,14,15,",-86.2724,39.8258,-87.383,29.1543,-87.7365,47.3465,-86.512,52.7896,1.75799560546875,0.0738686644188981,1.63720703125,1.87255859375,3600.375,151.28302472990342,8
ch2_cla_l1_20250801T065416395_20250801T065424395.fits,/home/saurabh/moon_project/data/CLASS/ch2_cla_l1_2025_08/cla/data/calibrated/2025/08/01/ch2_cla_l1_20250801T065416395_20250801T065424395.fits,2025-08-01T06:54:16.395,2025-08-01T06:54:24.395,2025-08-01T06:54:20.395,8.0,-36.4,13.5,102.915,-87.3938,39.5863,-87.3889,39.631,89.4979,89.4979,CLASS_add_scds.pro,2.1,506,1,"0,1,2,3,4,5,6,7,8,9,10,11,12,13,14,15,",-86.6436,37.1472,-87.7108,23.5603,-88.1245,44.0649,-86.9115,51.4917,1.76898193359375,0.0592092610106878,1.66455078125,1.853515625,3622.875,121.26056654988876,8
ch2_cla_l1_20250801T065424395_20250801T065432395.fits,/home/saurabh/moon_project/data/CLASS/ch2_cla_l1_2025_08/cla/data/calibrated/2025/08/01/ch2_cla_l1_20250801T065424395_20250801T065432395.fits,2025-08-01T06:54:24.395,2025-08-01T06:54:32.395,2025-08-01T06:54:28.395,8.0,-36.5,13.5,102.779,-87.7618,35.5173,-87.7573,35.5755,89.8468,89.8468,CLASS_add_scds.pro,2.1,507,1,"0,1,2,3,4,5,6,7,8,9,10,11,12,13,14,15,",-87.006,33.8067,-88.0098,16.2007,-88.5032,39.1045,-87.3092,49.8056,1.79193115234375,0.0470464839442145,1.73388671875,1.87890625,3669.875,96.35119911775136,8
ch2_cla_l1_20250801T203229221_20250801T203237221.fits,/home/saurabh/moon_project/data/CLASS/ch2_cla_l1_2025_08/cla/data/calibrated/2025/08/01/ch2_cla_l1_20250801T203229221_20250801T203237221.fits,2025-08-01T20:32:29.221,2025-08-01T20:32:37.221,2025-08-01T20:32:33.221,8.0,-36.7,13.5,108.932,-70.8812,52.089,-70.8767,52.09,75.3248,75.3248,CLASS_add_scds.pro,2.1,465,1,"0,1,2,3,4,5,6,7,8,9,10,11,12,13,14,15,",-70.1977,50.8807,-71.4929,50.5628,-71.5465,53.3826,-70.248,53.5269,1.791748046875,0.0609242854619334,1.69287109375,1.8740234375,3669.5,124.77293662603968,8
ch2_cla_l1_20250801T203237221_20250801T203245221.fits,/home/saurabh/moon_project/data/CLASS/ch2_cla_l1_2025_08/cla/data/calibrated/2025/08/01/ch2_cla_l1_20250801T203237221_20250801T203245221.fits,2025-08-01T20:32:37.221,2025-08-01T20:32:45.221,2025-08-01T20:32:41.221,8.0,-36.7,13.5,108.804,-71.2839,52.0149,-71.2793,52.016,75.6656,75.6656,CLASS_add_scds.pro,2.1,466,1,"0,1,2,3,4,5,6,7,8,9,10,11,12,13,14,15,",-70.6003,50.7864,-71.8944,50.4553,-71.9491,53.332,-70.6516,53.4821,1.77520751953125,0.0521125666003913,1.67529296875,1.8408203125,3635.625,106.72653639760156,8
ch2_cla_l1_20250801T203245221_20250801T203253221.fits,/home/saurabh/moon_project/data/CLASS/ch2_cla_l1_2025_08/cla/data/calibrated/2025/08/01/ch2_cla_l1_20250801T203245221_20250801T203253221.fits,2025-08-01T20:32:45.221,2025-08-01T20:32:53.221,2025-08-01T20:32:49.221,8.0,-36.7,13.5,108.675,-71.6866,51.9377,-71.682,51.9385,76.0067,76.0067,CLASS_add_scds.pro,2.1,467,1,"0,1,2,3,4,5,6,7,8,9,10,11,12,13,14,15,",-71.003,50.6881,-72.2958,50.3431,-72.3516,53.2793,-71.0553,53.4355,1.78619384765625,0.0826757891185932,1.67529296875,1.8994140625,3658.125,169.3200161148789,8
ch2_cla_l1_20250801T203253221_20250801T203301221.fits,/home/saurabh/moon_project/data/CLASS/ch2_cla_l1_2025_08/cla/data/calibrated/2025/08/01/ch2_cla_l1_20250801T203253221_20250801T203301221.fits,2025-08-01T20:32:53.221,2025-08-01T20:33:01.221,2025-08-01T20:32:57.221,8.0,-36.7,13.5,108.546,-72.0893,51.8572,-72.0847,51.8585,76.348,76.348,CLASS_add_scds.pro,2.1,468,1,"0,1,2,3,4,5,6,7,8,9,10,11,12,13,14,15,",-71.4056,50.5859,-72.6974,50.2261,-72.7544,53.2246,-71.4589,53.3872,1.77703857421875,0.104316982170052,1.6259765625,1.9423828125,3639.375,213.6411794842665,8
ch2_cla_l1_20250801T203301221_20250801T203309221.fits,/home/saurabh/moon_project/data/CLASS/ch2_cla_l1_2025_08/cla/data/calibrated/2025/08/01/ch2_cla_l1_20250801T203301221_20250801T203309221.fits,2025-08-01T20:33:01.221,2025-08-01T20:33:09.221,2025-08-01T20:33:05.221,8.0,-36.7,13.5,108.416,-72.492,51.7732,-72.4876,51.7743,76.6896,76.6896,CLASS_add_scds.pro,2.1,469,1,"0,1,2,3,4,5,6,7,8,9,10,11,12,13,14,15,",-71.8084,50.4792,-73.0987,50.1038,-73.157,53.1676,-71.8628,53.3369,1.80389404296875,0.0738497574787934,1.71337890625,1.91455078125,3694.375,151.24430331656887,8
ch2_cla_l1_20250801T203309221_20250801T203317221.fits,/home/saurabh/moon_project/data/CLASS/ch2_cla_l1_2025_08/cla/data/calibrated/2025/08/01/ch2_cla_l1_20250801T203309221_20250801T203317221.fits,2025-08-01T20:33:09.221,2025-08-01T20:33:17.221,2025-08-01T20:33:13.221,8.0,-36.7,13.5,108.286,-72.8948,51.6854,-72.8903,51.6867,77.0314,77.0314,CLASS_add_scds.pro,2.1,470,1,"0,1,2,3,4,5,6,7,8,9,10,11,12,13,14,15,",-72.2109,50.3683,-73.5002,49.9752,-73.5598,53.1076,-72.2664,53.285,1.7972412109375,0.0869645022867672,1.69482421875,1.94775390625,3680.75,178.10330068329927,8
ch2_cla_l1_20250801T203317221_20250801T203325221.fits,/home/saurabh/moon_project/data/CLASS/ch2_cla_l1_2025_08/cla/data/calibrated/2025/08/01/ch2_cla_l1_20250801T203317221_20250801T203325221.fits,2025-08-01T20:33:17.221,2025-08-01T20:33:25.221,2025-08-01T20:33:21.221,8.0,-36.7,13.5,108.155,-73.2976,51.5935,-73.2931,51.5948,77.3735,77.3735,CLASS_add_scds.pro,2.1,471,1,"0,1,2,3,4,5,6,7,8,9,10,11,12,13,14,15,",-72.6137,50.2517,-73.9014,49.8408,-73.9624,53.0452,-72.6704,53.2302,1.7894287109375,0.0455301927910761,1.7314453125,1.86962890625,3664.75,93.245834836124,8
ch2_cla_l1_20250801T203325221_20250801T203333221.fits,/home/saurabh/moon_project/data/CLASS/ch2_cla_l1_2025_08/cla/data/calibrated/2025/08/01/ch2_cla_l1_20250801T203325221_20250801T203333221.fits,2025-08-01T20:33:25.221,2025-08-01T20:33:33.221,2025-08-01T20:33:29.221,8.0,-36.7,13.5,108.024,-73.7004,51.4972,-73.6959,51.4987,77.7157,77.7157,CLASS_add_scds.pro,2.1,472,1,"0,1,2,3,4,5,6,7,8,9,10,11,12,13,14,15,",-73.0161,50.1305,-74.303,49.6994,-74.3654,52.9796,-73.0741,53.1736,1.8177490234375,0.0597072341012051,1.712890625,1.90283203125,3722.75,122.28041543926813,8
ch2_cla_l1_20250801T203333221_20250801T203341221.fits,/home/saurabh/moon_project/data/CLASS/ch2_cla_l1_2025_08/cla/data/calibrated/2025/08/01/ch2_cla_l1_20250801T203333221_20250801T203341221.fits,2025-08-01T20:33:33.221,2025-08-01T20:33:41.221,2025-08-01T20:33:37.221,8.0,-36.7,13.5,107.892,-74.1032,51.3963,-74.0988,51.3978,78.0582,78.0582,CLASS_add_scds.pro,2.1,473,1,"0,1,2,3,4,5,6,7,8,9,10,11,12,13,14,15,",-73.419,50.0027,-74.7042,49.5506,-74.7681,52.9104,-73.4782,53.1137,1.8109130859375,0.0455586106039864,1.748046875,1.88671875,3708.75,93.30403451696424,8
ch2_cla_l1_20250801T203341221_20250801T203349221.fits,/home/saurabh/moon_project/data/CLASS/ch2_cla_l1_2025_08/cla/data/calibrated/2025/08/01/ch2_cla_l1_20250801T203341221_20250801T203349221.fits,2025-08-01T20:33:41.221,2025-08-01T20:33:49.221,2025-08-01T20:33:45.221,8.0,-36.7,13.5,107.76,-74.506,51.2903,-74.5015,51.2916,78.401,78.401,CLASS_add_scds.pro,2.1,474,1,"0,1,2,3,4,5,6,7,8,9,10,11,12,13,14,15,",-73.8215,49.8689,-75.1054,49.3942,-75.171,52.838,-73.882,53.0512,1.81854248046875,0.0739704942075703,1.7138671875,1.91259765625,3724.375,151.49157213710413,8
ch2_cla_l1_20250801T203349221_20250801T203357221.fits,/home/saurabh/moon_project/data/CLASS/ch2_cla_l1_2025_08/cla/data/calibrated/2025/08/01/ch2_cla_l1_20250801T203349221_20250801T203357221.fits,2025-08-01T20:33:49.221,2025-08-01T20:33:57.221,2025-08-01T20:33:53.221,8.0,-36.7,13.5,107.627,-74.9088,51.1788,-74.9043,51.1803,78.7439,78.7439,CLASS_add_scds.pro,2.1,475,1,"0,1,2,3,4,5,6,7,8,9,10,11,12,13,14,15,",-74.224,49.7288,-75.5066,49.2291,-75.5738,52.7617,-74.286,52.986,1.7930908203125,0.035880960093759,1.7451171875,1.841796875,3672.25,73.48420627201855,8
ch2_cla_l1_20250801T203357221_20250801T203405221.fits,/home/saurabh/moon_project/data/CLASS/ch2_cla_l1_2025_08/cla/data/calibrated/2025/08/01/ch2_cla_l1_20250801T203357221_20250801T203405221.fits,2025-08-01T20:33:57.221,2025-08-01T20:34:05.221,2025-08-01T20:34:01.221,8.0,-36.7,13.5,107.494,-75.3117,51.0614,-75.3073,51.0628,79.087,79.087,CLASS_add_scds.pro,2.1,476,1,"0,1,2,3,4,5,6,7,8,9,10,11,12,13,14,15,",-74.6265,49.5813,-75.9077,49.055,-75.9768,52.6814,-74.6901,52.9175,1.832763671875,0.0529271392128395,1.74755859375,1.91162109375,3753.5,108.39478110789544,8
ch2_cla_l1_20250801T203405221_20250801T203413221.fits,/home/saurabh/moon_project/data/CLASS/ch2_cla_l1_2025_08/cla/data/calibrated/2025/08/01/ch2_cla_l1_20250801T203405221_20250801T203413221.fits,2025-08-01T20:34:05.221,2025-08-01T20:34:13.221,2025-08-01T20:34:09.221,8.0,-36.7,13.5,107.36,-75.7145,50.9375,-75.71,50.9393,79.4304,79.4304,CLASS_add_scds.pro,2.1,477,1,"0,1,2,3,4,5,6,7,8,9,10,11,12,13,14,15,",-75.029,49.4261,-76.3088,48.8708,-76.3798,52.5966,-75.0942,52.8455,1.8153076171875,0.0376431503077667,1.759765625,1.86962890625,3717.75,77.09317183030636,8
ch2_cla_l1_20250801T203413221_20250801T203421221.fits,/home/saurabh/moon_project/data/CLASS/ch2_cla_l1_2025_08/cla/data/calibrated/2025/08/01/ch2_cla_l1_20250801T203413221_20250801T203421221.fits,2025-08-01T20:34:13.221,2025-08-01T20:34:21.221,2025-08-01T20:34:17.221,8.0,-36.7,13.5,107.226,-76.1173,50.8067,-76.1128,50.8086,79.7739,79.7739,CLASS_add_scds.pro,2.1,478,1,"0,1,2,3,4,5,6,7,8,9,10,11,12,13,14,15,",-75.4315,49.2624,-76.7098,48.6757,-76.7828,52.5068,-75.4983,52.7697,1.83758544921875,0.0644699999364039,1.75390625,1.9443359375,3763.375,132.0345598697553,8
ch2_cla_l1_20250801T203421221_20250801T203429221.fits,/home/saurabh/moon_project/data/CLASS/ch2_cla_l1_2025_08/cla/data/calibrated/2025/08/01/ch2_cla_l1_20250801T203421221_20250801T203429221.fits,2025-08-01T20:34:21.221,2025-08-01T20:34:29.221,2025-08-01T20:34:25.221,8.0,-36.7,13.5,107.092,-76.5201,50.6683,-76.5156,50.6705,80.1176,80.1176,CLASS_add_scds.pro,2.1,479,1,"0,1,2,3,4,5,6,7,8,9,10,11,12,13,14,15,",-75.8339,49.0897,-77.1103,48.4686,-77.1856,52.4115,-75.9025,52.6898,1.80059814453125,0.0564049765681243,1.7158203125,1.8798828125,3687.625,115.51739201151858,8
ch2_cla_l1_20250801T203429221_20250801T203437221.fits,/home/saurabh/moon_project/data/CLASS/ch2_cla_l1_2025_08/cla/data/calibrated/2025/08/01/ch2_cla_l1_20250801T203429221_20250801T203437221.fits,2025-08-01T20:34:29.221,2025-08-01T20:34:37.221,2025-08-01T20:34:33.221,8.0,-36.7,13.5,106.957,-76.9229,50.5215,-76.9183,50.5237,80.4616,80.4616,CLASS_add_scds.pro,2.1,480,1,"0,1,2,3,4,5,6,7,8,9,10,11,12,13,14,15,",-76.2359,48.9073,-77.5113,48.2485,-77.5887,52.3105,-76.3065,52.6057,1.87310791015625,0.0593798628228322,1.7822265625,1.96435546875,3836.125,121.60995906116054,8
ch2_cla_l1_20250801T203445221_20250801T203453221.fits,/home/saurabh/moon_project/data/CLASS/ch2_cla_l1_2025_08/cla/data/calibrated/2025/08/01/ch2_cla_l1_20250801T203445221_20250801T203453221.fits,2025-08-01T20:34:45.221,2025-08-01T20:34:53.221,2025-08-01T20:34:49.221,8.0,-36.7,13.5,106.686,-77.7284,50.1998,-77.724,50.2019,81.1499,81.1499,CLASS_add_scds.pro,2.1,482,1,"0,1,2,3,4,5,6,7,8,9,10,11,12,13,14,15,",-77.0406,48.5075,-78.3124,47.763,-78.3949,52.0877,-77.1152,52.4209,1.733642578125,0.0759829459308822,1.64453125,1.85595703125,3550.5,155.61307326644692,8
ch2_cla_l1_20250801T203717221_20250801T203725221.fits,/home/saurabh/moon_project/data/CLASS/ch2_cla_l1_2025_08/cla/data/calibrated/2025/08/01/ch2_cla_l1_20250801T203717221_20250801T203725221.fits,2025-08-01T20:37:17.221,2025-08-01T20:37:25.221,2025-08-01T20:37:21.221,8.0,-36.8,13.5,104.034,-85.3403,41.7079,-85.3362,41.721,87.7185,87.7185,CLASS_add_scds.pro,2.1,501,1,"0,1,2,3,4,5,6,7,8,9,10,11,12,13,14,15,",-84.6161,38.8544,-85.8112,33.9926,-86.0397,45.609,-84.7923,47.9437,1.716552734375,0.0469338184267629,1.642578125,1.7939453125,3515.5,96.12046013801046,8
ch2_cla_l1_20250801T203749221_20250801T203757221.fits,/home/saurabh/moon_project/data/CLASS/ch2_cla_l1_2025_08/cla/data/calibrated/2025/08/01/ch2_cla_l1_20250801T203749221_20250801T203757221.fits,2025-08-01T20:37:49.221,2025-08-01T20:37:57.221,2025-08-01T20:37:53.221,8.0,-36.9,13.5,103.461,-86.8945,34.6829,-86.8905,34.7122,89.1063,89.1063,CLASS_add_scds.pro,2.1,505,1,"0,1,2,3,4,5,6,7,8,9,10,11,12,13,14,15,",-86.1485,32.0521,-87.2592,21.6781,-87.6207,39.0107,-86.3973,44.612,1.72491455078125,0.0407748779764159,1.66259765625,1.78515625,3532.625,83.5069500956999,8
ch2_cla_l1_20250801T203805221_20250801T203813221.fits,/home/saurabh/moon_project/data/CLASS/ch2_cla_l1_2025_08/cla/data/calibrated/2025/08/01/ch2_cla_l1_20250801T203805221_20250801T203813221.fits,2025-08-01T20:38:05.221,2025-08-01T20:38:13.221,2025-08-01T20:38:09.221,8.0,-36.9,13.5,103.172,-87.6374,27.7599,-87.6336,27.8097,89.8006,89.8006,CLASS_add_scds.pro,2.1,507,1,"0,1,2,3,4,5,6,7,8,9,10,11,12,13,14,15,",-86.8798,26.1908,-87.8879,9.4628,-88.3827,30.9269,-87.1917,41.53,1.71417236328125,0.0583554827555218,1.615234375,1.80078125,3510.625,119.5120286833087,8
ch2_cla_l1_20250801T223008772_20250801T223016772.fits,/home/saurabh/moon_project/data/CLASS/ch2_cla_l1_2025_08/cla/data/calibrated/2025/08/01/ch2_cla_l1_20250801T223008772_20250801T223016772.fits,2025-08-01T22:30:08.772,2025-08-01T22:30:16.772,2025-08-01T22:30:12.772,8.0,-36.2,13.5,108.713,-70.8303,51.0251,-70.8257,51.0262,75.295,75.295,CLASS_add_scds.pro,2.1,465,1,"0,1,2,3,4,5,6,7,8,9,10,11,12,13,14,15,",-70.1475,49.8227,-71.441,49.5056,-71.4947,52.3121,-70.1979,52.4572,1.822998046875,0.0596114648546548,1.7353515625,1.9111328125,3733.5,122.08428002233305,8
ch2_cla_l1_20250801T223032772_20250801T223040772.fits,/home/saurabh/moon_project/data/CLASS/ch2_cla_l1_2025_08/cla/data/calibrated/2025/08/01/ch2_cla_l1_20250801T223032772_20250801T223040772.fits,2025-08-01T22:30:32.772,2025-08-01T22:30:40.772,2025-08-01T22:30:36.772,8.0,-36.2,13.5,108.324,-72.0387,50.793,-72.0339,50.7944,76.3178,76.3178,CLASS_add_scds.pro,2.1,468,1,"0,1,2,3,4,5,6,7,8,9,10,11,12,13,14,15,",-71.3556,49.5283,-72.6456,49.1695,-72.7027,52.1532,-71.409,52.3166,1.72650146484375,0.0800366177797586,1.572265625,1.8271484375,3535.875,163.9149932129456,8
ch2_cla_l1_20250801T223048772_20250801T223056772.fits,/home/saurabh/moon_project/data/CLASS/ch2_cla_l1_2025_08/cla/data/calibrated/2025/08/01/ch2_cla_l1_20250801T223048772_20250801T223056772.fits,2025-08-01T22:30:48.772,2025-08-01T22:30:56.772,2025-08-01T22:30:52.772,8.0,-36.2,13.5,108.063,-72.8443,50.621,-72.8397,50.6226,77.0009,77.0009,CLASS_add_scds.pro,2.1,470,1,"0,1,2,3,4,5,6,7,8,9,10,11,12,13,14,15,",-72.1613,49.3107,-73.4487,48.9191,-73.5084,52.0355,-72.2168,52.2135,1.73040771484375,0.0750926206524346,1.5849609375,1.82958984375,3543.875,153.7896870961862,8
ch2_cla_l1_20250801T223104772_20250801T223112772.fits,/home/saurabh/moon_project/data/CLASS/ch2_cla_l1_2025_08/cla/data/calibrated/2025/08/01/ch2_cla_l1_20250801T223104772_20250801T223112772.fits,2025-08-01T22:31:04.772,2025-08-01T22:31:12.772,2025-08-01T22:31:08.772,8.0,-36.2,13.5,107.799,-73.6501,50.4328,-73.6454,50.4346,77.6849,77.6849,CLASS_add_scds.pro,2.1,472,1,"0,1,2,3,4,5,6,7,8,9,10,11,12,13,14,15,",-72.9667,49.0733,-74.2514,48.6442,-74.3139,51.9069,-73.0247,52.1015,1.76080322265625,0.0424852290250302,1.7001953125,1.8349609375,3606.125,87.00974904326198,8
ch2_cla_l1_20250801T223120772_20250801T223128772.fits,/home/saurabh/moon_project/data/CLASS/ch2_cla_l1_2025_08/cla/data/calibrated/2025/08/01/ch2_cla_l1_20250801T223120772_20250801T223128772.fits,2025-08-01T22:31:20.772,2025-08-01T22:31:28.772,2025-08-01T22:31:24.772,8.0,-36.2,13.5,107.534,-74.4559,50.2258,-74.4512,50.2273,78.3699,78.3699,CLASS_add_scds.pro,2.1,474,1,"0,1,2,3,4,5,6,7,8,9,10,11,12,13,14,15,",-73.7722,48.8124,-75.0543,48.3394,-75.1199,51.7645,-73.8328,51.9786,1.7508544921875,0.0325208823219177,1.71240234375,1.8046875,3585.75,66.6027669952876,8
ch2_cla_l1_20250801T223136772_20250801T223144772.fits,/home/saurabh/moon_project/data/CLASS/ch2_cla_l1_2025_08/cla/data/calibrated/2025/08/01/ch2_cla_l1_20250801T223136772_20250801T223144772.fits,2025-08-01T22:31:36.772,2025-08-01T22:31:44.772,2025-08-01T22:31:40.772,8.0,-36.2,13.5,107.266,-75.2618,49.9969,-75.2571,49.9988,79.0557,79.0557,CLASS_add_scds.pro,2.1,476,1,"0,1,2,3,4,5,6,7,8,9,10,11,12,13,14,15,",-74.5773,48.5256,-75.8569,48.0012,-75.926,51.607,-74.6409,51.8443,1.76806640625,0.0344467009797957,1.71875,1.8173828125,3621.0,70.54684360662172,8
ch2_cla_l1_20250801T223152772_20250801T223200772.fits,/home/saurabh/moon_project/data/CLASS/ch2_cla_l1_2025_08/cla/data/calibrated/2025/08/01/ch2_cla_l1_20250801T223152772_20250801T223200772.fits,2025-08-01T22:31:52.772,2025-08-01T22:32:00.772,2025-08-01T22:31:56.772,8.0,-36.2,13.5,106.997,-76.0676,49.7424,-76.063,49.7443,79.7423,79.7423,CLASS_add_scds.pro,2.1,478,1,"0,1,2,3,4,5,6,7,8,9,10,11,12,13,14,15,",-75.3825,48.2074,-76.659,47.6233,-76.732,51.4317,-75.4493,51.6957,1.7567138671875,0.0605630457506387,1.654296875,1.84716796875,3597.75,124.03311769730811,8
ch2_cla_l1_20250801T223200772_20250801T223208772.fits,/home/saurabh/moon_project/data/CLASS/ch2_cla_l1_2025_08/cla/data/calibrated/2025/08/01/ch2_cla_l1_20250801T223200772_20250801T223208772.fits,2025-08-01T22:32:00.772,2025-08-01T22:32:08.772,2025-08-01T22:32:04.772,8.0,-36.2,13.5,106.862,-76.4705,49.604,-76.4659,49.6061,80.0859,80.0859,CLASS_add_scds.pro,2.1,479,1,"0,1,2,3,4,5,6,7,8,9,10,11,12,13,14,15,",-75.785,48.035,-77.0597,47.4167,-77.135,51.3358,-75.8536,51.6152,1.73651123046875,0.0480879569230014,1.65087890625,1.80078125,3556.375,98.48413577830696,8
ch2_cla_l1_20250801T223208772_20250801T223216772.fits,/home/saurabh/moon_project/data/CLASS/ch2_cla_l1_2025_08/cla/data/calibrated/2025/08/01/ch2_cla_l1_20250801T223208772_20250801T223216772.fits,2025-08-01T22:32:08.772,2025-08-01T22:32:16.772,2025-08-01T22:32:12.772,8.0,-36.2,13.5,106.726,-76.8734,49.4574,-76.8688,49.4592,80.4296,80.4296,CLASS_add_scds.pro,2.1,480,1,"0,1,2,3,4,5,6,7,8,9,10,11,12,13,14,15,",-76.1872,47.8528,-77.4609,47.1971,-77.5383,51.2342,-76.2578,51.5304,1.75677490234375,0.0662334019826636,1.6728515625,1.86572265625,3597.875,135.64600726049508,8
ch2_cla_l1_20250801T223216772_20250801T223224772.fits,/home/saurabh/moon_project/data/CLASS/ch2_cla_l1_2025_08/cla/data/calibrated/2025/08/01/ch2_cla_l1_20250801T223216772_20250801T223224772.fits,2025-08-01T22:32:16.772,2025-08-01T22:32:24.772,2025-08-01T22:32:20.772,8.0,-36.2,13.5,106.59,-77.2762,49.3017,-77.2715,49.304,80.7736,80.7736,CLASS_add_scds.pro,2.1,481,1,"0,1,2,3,4,5,6,7,8,9,10,11,12,13,14,15,",-76.5898,47.6593,-77.8615,46.9636,-77.9414,51.1263,-76.6623,51.4402,1.73822021484375,0.1037018327305908,1.6005859375,1.8974609375,3559.875,212.38135343225,8
ch2_cla_l1_20250801T223224772_20250801T223232772.fits,/home/saurabh/moon_project/data/CLASS/ch2_cla_l1_2025_08/cla/data/calibrated/2025/08/01/ch2_cla_l1_20250801T223224772_20250801T223232772.fits,2025-08-01T22:32:24.772,2025-08-01T22:32:32.772,2025-08-01T22:32:28.772,8.0,-36.2,13.5,106.453,-77.679,49.1361,-77.6746,49.1382,81.1177,81.1177,CLASS_add_scds.pro,2.1,482,1,"0,1,2,3,4,5,6,7,8,9,10,11,12,13,14,15,",-76.992,47.4549,-78.2622,46.7141,-78.3446,51.0111,-77.0666,51.3454,1.76318359375,0.0719060605622679,1.67236328125,1.87744140625,3611.0,147.2636120315247,8
ch2_cla_l1_20250801T223232772_20250801T223240772.fits,/home/saurabh/moon_project/data/CLASS/ch2_cla_l1_2025_08/cla/data/calibrated/2025/08/01/ch2_cla_l1_20250801T223232772_20250801T223240772.fits,2025-08-01T22:32:32.772,2025-08-01T22:32:40.772,2025-08-01T22:32:36.772,8.0,-36.2,13.5,106.316,-78.0818,48.9595,-78.0771,48.9624,81.4621,81.4621,CLASS_add_scds.pro,2.1,483,1,"0,1,2,3,4,5,6,7,8,9,10,11,12,13,14,15,",-77.3942,47.2372,-78.6625,46.4475,-78.7478,50.888,-77.471,51.2444,1.76849365234375,0.0912410290856512,1.64013671875,1.91943359375,3621.875,186.8616275674138,8
ch2_cla_l1_20250801T223240772_20250801T223248772.fits,/home/saurabh/moon_project/data/CLASS/ch2_cla_l1_2025_08/cla/data/calibrated/2025/08/01/ch2_cla_l1_20250801T223240772_20250801T223248772.fits,2025-08-01T22:32:40.772,2025-08-01T22:32:48.772,2025-08-01T22:32:44.772,8.0,-36.2,13.5,106.179,-78.4845,48.7708,-78.4799,48.7737,81.8065,81.8065,CLASS_add_scds.pro,2.1,484,1,"0,1,2,3,4,5,6,7,8,9,10,11,12,13,14,15,",-77.7961,47.0056,-79.0627,46.1612,-79.151,50.7559,-77.8754,51.1372,1.75390625,0.0455617878099651,1.68701171875,1.83349609375,3592.0,93.31054143480866,8
ch2_cla_l1_20250801T223248772_20250801T223256772.fits,/home/saurabh/moon_project/data/CLASS/ch2_cla_l1_2025_08/cla/data/calibrated/2025/08/01/ch2_cla_l1_20250801T223248772_20250801T223256772.fits,2025-08-01T22:32:48.772,2025-08-01T22:32:56.772,2025-08-01T22:32:52.772,8.0,-36.2,13.5,106.041,-78.8871,48.5686,-78.8825,48.5715,82.1512,82.1512,CLASS_add_scds.pro,2.1,485,1,"0,1,2,3,4,5,6,7,8,9,10,11,12,13,14,15,",-78.198,46.7582,-79.4627,45.8532,-79.5541,50.6136,-78.2798,51.0226,1.7747802734375,0.0654847131276928,1.6591796875,1.8681640625,3634.75,134.1126924855149,8
ch2_cla_l1_20250801T223256772_20250801T223304772.fits,/home/saurabh/moon_project/data/CLASS/ch2_cla_l1_2025_08/cla/data/calibrated/2025/08/01/ch2_cla_l1_20250801T223256772_20250801T223304772.fits,2025-08-01T22:32:56.772,2025-08-01T22:33:04.772,2025-08-01T22:33:00.772,8.0,-36.2,13.5,105.903,-79.2897,48.3515,-79.2851,48.3548,82.496,82.496,CLASS_add_scds.pro,2.1,486,1,"0,1,2,3,4,5,6,7,8,9,10,11,12,13,14,15,",-78.5996,46.4934,-79.8623,45.5218,-79.9573,50.4609,-78.6843,50.8999,1.77587890625,0.0482506307226106,1.69677734375,1.85498046875,3637.0,98.8172917199067,8
ch2_cla_l1_20250801T223304772_20250801T223312772.fits,/home/saurabh/moon_project/data/CLASS/ch2_cla_l1_2025_08/cla/data/calibrated/2025/08/01/ch2_cla_l1_20250801T223304772_20250801T223312772.fits,2025-08-01T22:33:04.772,2025-08-01T22:33:12.772,2025-08-01T22:33:08.772,8.0,-36.2,13.5,105.765,-79.6922,48.1177,-79.6876,48.1213,82.841,82.841,CLASS_add_scds.pro,2.1,487,1,"0,1,2,3,4,5,6,7,8,9,10,11,12,13,14,15,",-79.0011,46.2099,-80.2618,45.1627,-80.3605,50.2951,-79.0887,50.7689,1.80206298828125,0.0523551342912901,1.70947265625,1.87939453125,3690.625,107.22331502856215,8
ch2_cla_l1_20250801T223312772_20250801T223320772.fits,/home/saurabh/moon_project/data/CLASS/ch2_cla_l1_2025_08/cla/data/calibrated/2025/08/01/ch2_cla_l1_20250801T223312772_20250801T223320772.fits,2025-08-01T22:33:12.772,2025-08-01T22:33:20.772,2025-08-01T22:33:16.772,8.0,-36.2,13.5,105.626,-80.0945,47.8652,-80.09,47.8686,83.1861,83.1861,CLASS_add_scds.pro,2.1,488,1,"0,1,2,3,4,5,6,7,8,9,10,11,12,13,14,15,",-79.4024,45.9046,-80.6607,44.7738,-80.7636,50.1158,-79.4932,50.6275,1.76190185546875,0.0378535520516339,1.70166015625,1.81884765625,3608.375,77.5240746017464,8
ch2_cla_l1_20250801T223320772_20250801T223328772.fits,/home/saurabh/moon_project/data/CLASS/ch2_cla_l1_2025_08/cla/data/calibrated/2025/08/01/ch2_cla_l1_20250801T223320772_20250801T223328772.fits,2025-08-01T22:33:20.772,2025-08-01T22:33:28.772,2025-08-01T22:33:24.772,8.0,-36.3,13.5,105.487,-80.4967,47.5916,-80.4922,47.5954,83.5313,83.5313,CLASS_add_scds.pro,2.1,489,1,"0,1,2,3,4,5,6,7,8,9,10,11,12,13,14,15,",-79.8033,45.5763,-81.0595,44.3499,-81.1667,49.92,-79.8975,50.476,1.80181884765625,0.0519636641321474,1.7138671875,1.86279296875,3690.125,106.42158414263795,8
ch2_cla_l1_20250801T223328772_20250801T223336772.fits,/home/saurabh/moon_project/data/CLASS/ch2_cla_l1_2025_08/cla/data/calibrated/2025/08/01/ch2_cla_l1_20250801T223328772_20250801T223336772.fits,2025-08-01T22:33:28.772,2025-08-01T22:33:36.772,2025-08-01T22:33:32.772,8.0,-36.3,13.5,105.347,-80.8987,47.2941,-80.8942,47.2988,83.8767,83.8767,CLASS_add_scds.pro,2.1,490,1,"0,1,2,3,4,5,6,7,8,9,10,11,12,13,14,15,",-80.2042,45.2204,-81.4577,43.8869,-81.5698,49.706,-80.3021,50.3113,1.77984619140625,0.0339391222302382,1.7275390625,1.82666015625,3645.125,69.50732232752789,8
ch2_cla_l1_20250801T223336772_20250801T223344772.fits,/home/saurabh/moon_project/data/CLASS/ch2_cla_l1_2025_08/cla/data/calibrated/2025/08/01/ch2_cla_l1_20250801T223336772_20250801T223344772.fits,2025-08-01T22:33:36.772,2025-08-01T22:33:44.772,2025-08-01T22:33:40.772,8.0,-36.3,13.5,105.207,-81.3006,46.9694,-81.2961,46.974,84.2223,84.2223,CLASS_add_scds.pro,2.1,491,1,"0,1,2,3,4,5,6,7,8,9,10,11,12,13,14,15,",-80.6045,44.8349,-81.8552,43.3792,-81.9727,49.4712,-80.7065,50.1331,1.81732177734375,0.0571270803828147,1.72119140625,1.89697265625,3721.875,116.99626062400456,8
ch2_cla_l1_20250801T223344772_20250801T223352772.fits,/home/saurabh/moon_project/data/CLASS/ch2_cla_l1_2025_08/cla/data/calibrated/2025/08/01/ch2_cla_l1_20250801T223344772_20250801T223352772.fits,2025-08-01T22:33:44.772,2025-08-01T22:33:52.772,2025-08-01T22:33:48.772,8.0,-36.3,13.5,105.067,-81.7021,46.6136,-81.6976,46.619,84.5679,84.5679,CLASS_add_scds.pro,2.1,492,1,"0,1,2,3,4,5,6,7,8,9,10,11,12,13,14,15,",-81.0045,44.4156,-82.2523,42.8192,-82.3757,49.2115,-81.1108,49.9392,1.76861572265625,0.0566739515155296,1.6845703125,1.85791015625,3622.125,116.0682527038048,8
ch2_cla_l1_20250801T223352772_20250801T223400772.fits,/home/saurabh/moon_project/data/CLASS/ch2_cla_l1_2025_08/cla/data/calibrated/2025/08/01/ch2_cla_l1_20250801T223352772_20250801T223400772.fits,2025-08-01T22:33:52.772,2025-08-01T22:34:00.772,2025-08-01T22:33:56.772,8.0,-36.3,13.5,104.927,-82.1034,46.2219,-82.0989,46.2278,84.9137,84.9137,CLASS_add_scds.pro,2.1,493,1,"0,1,2,3,4,5,6,7,8,9,10,11,12,13,14,15,",-81.404,43.957,-82.6486,42.1984,-82.7785,48.9226,-81.5152,49.7267,1.84161376953125,0.0560858480866373,1.75244140625,1.91845703125,3771.625,114.86381688143324,8
ch2_cla_l1_20250801T223400772_20250801T223408772.fits,/home/saurabh/moon_project/data/CLASS/ch2_cla_l1_2025_08/cla/data/calibrated/2025/08/01/ch2_cla_l1_20250801T223400772_20250801T223408772.fits,2025-08-01T22:34:00.772,2025-08-01T22:34:08.772,2025-08-01T22:34:04.772,8.0,-36.3,13.5,104.786,-82.5044,45.7886,-82.4999,45.7941,85.2596,85.2596,CLASS_add_scds.pro,2.1,494,1,"0,1,2,3,4,5,6,7,8,9,10,11,12,13,14,15,",-81.8031,43.4532,-83.0439,41.5078,-83.1811,48.6007,-81.9195,49.4926,1.77777099609375,0.062256167114523,1.69921875,1.86669921875,3640.875,127.50063025054313,8
ch2_cla_l1_20250801T223408772_20250801T223416772.fits,/home/saurabh/moon_project/data/CLASS/ch2_cla_l1_2025_08/cla/data/calibrated/2025/08/01/ch2_cla_l1_20250801T223408772_20250801T223416772.fits,2025-08-01T22:34:08.772,2025-08-01T22:34:16.772,2025-08-01T22:34:12.772,8.0,-36.3,13.5,104.645,-82.905,45.3068,-82.9006,45.3128,85.6057,85.6057,CLASS_add_scds.pro,2.1,495,1,"0,1,2,3,4,5,6,7,8,9,10,11,12,13,14,15,",-82.2014,42.8987,-83.4383,40.7346,-83.5837,48.2391,-82.3237,49.2348,1.8333740234375,0.0729667206321861,1.740234375,1.93603515625,3754.75,149.43584385471723,8
ch2_cla_l1_20250801T223416772_20250801T223424772.fits,/home/saurabh/moon_project/data/CLASS/ch2_cla_l1_2025_08/cla/data/calibrated/2025/08/01/ch2_cla_l1_20250801T223416772_20250801T223424772.fits,2025-08-01T22:34:16.772,2025-08-01T22:34:24.772,2025-08-01T22:34:20.772,8.0,-36.3,13.5,104.503,-83.305,44.7677,-83.3005,44.7755,85.9518,85.9518,CLASS_add_scds.pro,2.1,496,1,"0,1,2,3,4,5,6,7,8,9,10,11,12,13,14,15,",-82.5991,42.2854,-83.8312,39.8638,-83.9859,47.8302,-82.7278,48.9493,1.779541015625,0.0770808608592623,1.6728515625,1.88720703125,3644.5,157.86160303976934,8
ch2_cla_l1_20250801T223424772_20250801T223432772.fits,/home/saurabh/moon_project/data/CLASS/ch2_cla_l1_2025_08/cla/data/calibrated/2025/08/01/ch2_cla_l1_20250801T223424772_20250801T223432772.fits,2025-08-01T22:34:24.772,2025-08-01T22:34:32.772,2025-08-01T22:34:28.772,8.0,-36.3,13.5,104.361,-83.7045,44.1605,-83.7,44.1689,86.298,86.298,CLASS_add_scds.pro,2.1,497,1,"0,1,2,3,4,5,6,7,8,9,10,11,12,13,14,15,",-82.9958,41.6035,-84.2227,38.8737,-84.3879,47.3621,-83.1317,48.6313,1.850341796875,0.0808725329237813,1.74462890625,1.9755859375,3789.5,165.62694742790413,8
ch2_cla_l1_20250801T223440772_20250801T223448772.fits,/home/saurabh/moon_project/data/CLASS/ch2_cla_l1_2025_08/cla/data/calibrated/2025/08/01/ch2_cla_l1_20250801T223440772_20250801T223448772.fits,2025-08-01T22:34:40.772,2025-08-01T22:34:48.772,2025-08-01T22:34:44.772,8.0,-36.4,13.5,104.076,-84.5011,42.683,-84.4967,42.6941,86.9909,86.9909,CLASS_add_scds.pro,2.1,499,1,"0,1,2,3,4,5,6,7,8,9,10,11,12,13,14,15,",-83.7859,39.9783,-84.9994,36.4331,-85.1906,46.1945,-83.9391,47.8682,1.72760009765625,0.0441096548045798,1.65966796875,1.80029296875,3538.125,90.33657303977957,8
ch2_cla_l1_20250801T223456772_20250801T223504772.fits,/home/saurabh/moon_project/data/CLASS/ch2_cla_l1_2025_08/cla/data/calibrated/2025/08/01/ch2_cla_l1_20250801T223456772_20250801T223504772.fits,2025-08-01T22:34:56.772,2025-08-01T22:35:04.772,2025-08-01T22:35:00.772,8.0,-36.4,13.5,103.791,-85.2931,40.7088,-85.2889,40.7222,87.684,87.684,CLASS_add_scds.pro,2.1,501,1,"0,1,2,3,4,5,6,7,8,9,10,11,12,13,14,15,",-84.5701,37.8812,-85.7643,33.1031,-85.991,44.5622,-84.7455,46.8716,1.738525390625,0.0444914293194681,1.66796875,1.806640625,3560.5,91.11844724627078,8
ch2_cla_l1_20250801T223512772_20250801T223520772.fits,/home/saurabh/moon_project/data/CLASS/ch2_cla_l1_2025_08/cla/data/calibrated/2025/08/01/ch2_cla_l1_20250801T223512772_20250801T223520772.fits,2025-08-01T22:35:12.772,2025-08-01T22:35:20.772,2025-08-01T22:35:16.772,8.0,-36.4,13.5,103.504,-86.0775,37.9427,-86.0733,37.9615,88.3776,88.3776,CLASS_add_scds.pro,2.1,503,1,"0,1,2,3,4,5,6,7,8,9,10,11,12,13,14,15,",-85.3446,35.0853,-86.5086,28.3349,-86.7865,42.1232,-85.5498,45.5187,1.726318359375,0.0367858088858521,1.66650390625,1.7841796875,3535.5,75.33733659822522,8
ch2_cla_l1_20250801T223520772_20250801T223528772.fits,/home/saurabh/moon_project/data/CLASS/ch2_cla_l1_2025_08/cla/data/calibrated/2025/08/01/ch2_cla_l1_20250801T223520772_20250801T223528772.fits,2025-08-01T22:35:20.772,2025-08-01T22:35:28.772,2025-08-01T22:35:24.772,8.0,-36.4,13.5,103.36,-86.4653,36.1022,-86.461,36.1284,88.7244,88.7244,CLASS_add_scds.pro,2.1,504,1,"0,1,2,3,4,5,6,7,8,9,10,11,12,13,14,15,",-85.7268,33.3097,-86.8688,25.11,-87.1815,40.3894,-85.9509,44.6419,1.7388916015625,0.0592088655288282,1.65576171875,1.82275390625,3561.25,121.25975660304027,8
ch2_cla_l1_20250801T223528772_20250801T223536772.fits,/home/saurabh/moon_project/data/CLASS/ch2_cla_l1_2025_08/cla/data/calibrated/2025/08/01/ch2_cla_l1_20250801T223528772_20250801T223536772.fits,2025-08-01T22:35:28.772,2025-08-01T22:35:36.772,2025-08-01T22:35:32.772,8.0,-36.4,13.5,103.215,-86.8486,33.8118,-86.8445,33.8421,89.0714,89.0714,CLASS_add_scds.pro,2.1,505,1,"0,1,2,3,4,5,6,7,8,9,10,11,12,13,14,15,",-86.1042,31.1859,-87.2164,21.0667,-87.5729,38.0952,-86.351,43.5717,1.7415771484375,0.0456765792942318,1.66748046875,1.8134765625,3566.75,93.54563439458688,8
ch2_cla_l1_20250801T223536772_20250801T223544772.fits,/home/saurabh/moon_project/data/CLASS/ch2_cla_l1_2025_08/cla/data/calibrated/2025/08/01/ch2_cla_l1_20250801T223536772_20250801T223544772.fits,2025-08-01T22:35:36.772,2025-08-01T22:35:44.772,2025-08-01T22:35:40.772,8.0,-36.4,13.5,103.071,-87.2255,30.8938,-87.2215,30.9314,89.4184,89.4184,CLASS_add_scds.pro,2.1,506,1,"0,1,2,3,4,5,6,7,8,9,10,11,12,13,14,15,",-86.4751,28.6144,-87.5463,15.9023,-87.9591,34.9259,-86.7494,42.2417,1.73394775390625,0.0732967790875488,1.6083984375,1.84716796875,3551.125,150.11180357130004,8
ch2_cla_l1_20250801T223544772_20250801T223552772.fits,/home/saurabh/moon_project/data/CLASS/ch2_cla_l1_2025_08/cla/data/calibrated/2025/08/01/ch2_cla_l1_20250801T223544772_20250801T223552772.fits,2025-08-01T22:35:44.772,2025-08-01T22:35:52.772,2025-08-01T22:35:48.772,8.0,-36.4,13.5,102.926,-87.5931,27.0726,-87.5892,27.1234,89.7655,89.7655,CLASS_add_scds.pro,2.1,507,1,"0,1,2,3,4,5,6,7,8,9,10,11,12,13,14,15,",-86.8373,25.4447,-87.8505,9.2086,-88.3363,30.3026,-87.1458,40.5404,1.7392578125,0.0546357825051091,1.6533203125,1.8134765625,3562.0,111.89408257046354,8
